filename,ra,dec,label,source
euclid_q1_lens_102158584_2687900321650859511.fits,268.79003210743605,65.08595110358115,lens,"Euclid Q1 Strong Lensing Discovery Engine (Euclid Collaboration: Walmsley et al. 2025, arXiv:2503.15326 / Zenodo 10.5281/zenodo.15025832)"
euclid_q1_lens_102158584_2687900321650859511.png,268.79003210743605,65.08595110358115,lens,"Euclid Q1 Strong Lensing Discovery Engine (Euclid Collaboration: Walmsley et al. 2025, arXiv:2503.15326 / Zenodo 10.5281/zenodo.15025832)"
euclid_q1_lens_102158887_2646461630654930628.fits,264.64616303287295,65.49306284930077,lens,"Euclid Q1 Strong Lensing Discovery Engine (Euclid Collaboration: Walmsley et al. 2025, arXiv:2503.15326 / Zenodo 10.5281/zenodo.15025832)"
euclid_q1_lens_102158887_2646461630654930628.png,264.64616303287295,65.49306284930077,lens,"Euclid Q1 Strong Lensing Discovery Engine (Euclid Collaboration: Walmsley et al. 2025, arXiv:2503.15326 / Zenodo 10.5281/zenodo.15025832)"
euclid_q1_lens_102158889_2677813028655307424.fits,267.78130284070573,65.53074243100221,lens,"Euclid Q1 Strong Lensing Discovery Engine (Euclid Collaboration: Walmsley et al. 2025, arXiv:2503.15326 / Zenodo 10.5281/zenodo.15025832)"
euclid_q1_lens_102158889_2677813028655307424.png,267.78130284070573,65.53074243100221,lens,"Euclid Q1 Strong Lensing Discovery Engine (Euclid Collaboration: Walmsley et al. 2025, arXiv:2503.15326 / Zenodo 10.5281/zenodo.15025832)"
euclid_q1_lens_102023478_NEG628457640459296313.fits,62.84576401449824,-45.92963139466405,lens,"Euclid Q1 Strong Lensing Discovery Engine (Euclid Collaboration: Walmsley et al. 2025, arXiv:2503.15326 / Zenodo 10.5281/zenodo.15025832)"
euclid_q1_lens_102023478_NEG628457640459296313.png,62.84576401449824,-45.92963139466405,lens,"Euclid Q1 Strong Lensing Discovery Engine (Euclid Collaboration: Walmsley et al. 2025, arXiv:2503.15326 / Zenodo 10.5281/zenodo.15025832)"
euclid_q1_lens_102159778_2733418388668044661.fits,273.3418388879678,66.8044661007292,lens,"Euclid Q1 Strong Lensing Discovery Engine (Euclid Collaboration: Walmsley et al. 2025, arXiv:2503.15326 / Zenodo 10.5281/zenodo.15025832)"
euclid_q1_lens_102159778_2733418388668044661.png,273.3418388879678,66.8044661007292,lens,"Euclid Q1 Strong Lensing Discovery Engine (Euclid Collaboration: Walmsley et al. 2025, arXiv:2503.15326 / Zenodo 10.5281/zenodo.15025832)"
euclid_q1_lens_102158888_2667434443654461269.fits,266.7434443925532,65.44612692321355,lens,"Euclid Q1 Strong Lensing Discovery Engine (Euclid Collaboration: Walmsley et al. 2025, arXiv:2503.15326 / Zenodo 10.5281/zenodo.15025832)"
euclid_q1_lens_102158888_2667434443654461269.png,266.7434443925532,65.44612692321355,lens,"Euclid Q1 Strong Lensing Discovery Engine (Euclid Collaboration: Walmsley et al. 2025, arXiv:2503.15326 / Zenodo 10.5281/zenodo.15025832)"
euclid_q1_lens_102021017_NEG634146279486865014.fits,63.41462793838686,-48.6865014442007,lens,"Euclid Q1 Strong Lensing Discovery Engine (Euclid Collaboration: Walmsley et al. 2025, arXiv:2503.15326 / Zenodo 10.5281/zenodo.15025832)"
euclid_q1_lens_102021017_NEG634146279486865014.png,63.41462793838686,-48.6865014442007,lens,"Euclid Q1 Strong Lensing Discovery Engine (Euclid Collaboration: Walmsley et al. 2025, arXiv:2503.15326 / Zenodo 10.5281/zenodo.15025832)"
euclid_q1_lens_102020066_NEG645419324493086283.fits,64.54193243783828,-49.30862837005427,lens,"Euclid Q1 Strong Lensing Discovery Engine (Euclid Collaboration: Walmsley et al. 2025, arXiv:2503.15326 / Zenodo 10.5281/zenodo.15025832)"
euclid_q1_lens_102020066_NEG645419324493086283.png,64.54193243783828,-49.30862837005427,lens,"Euclid Q1 Strong Lensing Discovery Engine (Euclid Collaboration: Walmsley et al. 2025, arXiv:2503.15326 / Zenodo 10.5281/zenodo.15025832)"
euclid_q1_lens_102023476_NEG610025395461180513.fits,61.00253957732884,-46.11805137162271,lens,"Euclid Q1 Strong Lensing Discovery Engine (Euclid Collaboration: Walmsley et al. 2025, arXiv:2503.15326 / Zenodo 10.5281/zenodo.15025832)"
euclid_q1_lens_102023476_NEG610025395461180513.png,61.00253957732884,-46.11805137162271,lens,"Euclid Q1 Strong Lensing Discovery Engine (Euclid Collaboration: Walmsley et al. 2025, arXiv:2503.15326 / Zenodo 10.5281/zenodo.15025832)"
euclid_q1_lens_102158275_2709777393645726835.fits,270.977739341077,64.57268354179256,lens,"Euclid Q1 Strong Lensing Discovery Engine (Euclid Collaboration: Walmsley et al. 2025, arXiv:2503.15326 / Zenodo 10.5281/zenodo.15025832)"
euclid_q1_lens_102158275_2709777393645726835.png,270.977739341077,64.57268354179256,lens,"Euclid Q1 Strong Lensing Discovery Engine (Euclid Collaboration: Walmsley et al. 2025, arXiv:2503.15326 / Zenodo 10.5281/zenodo.15025832)"
euclid_q1_lens_102159773_2677079122669151496.fits,267.70791227786816,66.91514966802278,lens,"Euclid Q1 Strong Lensing Discovery Engine (Euclid Collaboration: Walmsley et al. 2025, arXiv:2503.15326 / Zenodo 10.5281/zenodo.15025832)"
euclid_q1_lens_102159773_2677079122669151496.png,267.70791227786816,66.91514966802278,lens,"Euclid Q1 Strong Lensing Discovery Engine (Euclid Collaboration: Walmsley et al. 2025, arXiv:2503.15326 / Zenodo 10.5281/zenodo.15025832)"
euclid_q1_lens_102159189_2663231466659368059.fits,266.32314660184653,65.93680598259884,lens,"Euclid Q1 Strong Lensing Discovery Engine (Euclid Collaboration: Walmsley et al. 2025, arXiv:2503.15326 / Zenodo 10.5281/zenodo.15025832)"
euclid_q1_lens_102159189_2663231466659368059.png,266.32314660184653,65.93680598259884,lens,"Euclid Q1 Strong Lensing Discovery Engine (Euclid Collaboration: Walmsley et al. 2025, arXiv:2503.15326 / Zenodo 10.5281/zenodo.15025832)"
euclid_q1_nonlens_102022481_NEG636715884471501892.fits,63.67158841192877,-47.15018924451803,nonlens,"Euclid Q1 Strong Lensing Discovery Engine (Euclid Collaboration: Walmsley et al. 2025, arXiv:2503.15326 / Zenodo 10.5281/zenodo.15025832)"
euclid_q1_nonlens_102022481_NEG636715884471501892.png,63.67158841192877,-47.15018924451803,nonlens,"Euclid Q1 Strong Lensing Discovery Engine (Euclid Collaboration: Walmsley et al. 2025, arXiv:2503.15326 / Zenodo 10.5281/zenodo.15025832)"
euclid_q1_nonlens_102158893_2718537531655471577.fits,271.8537531803472,65.54715776596166,nonlens,"Euclid Q1 Strong Lensing Discovery Engine (Euclid Collaboration: Walmsley et al. 2025, arXiv:2503.15326 / Zenodo 10.5281/zenodo.15025832)"
euclid_q1_nonlens_102158893_2718537531655471577.png,271.8537531803472,65.54715776596166,nonlens,"Euclid Q1 Strong Lensing Discovery Engine (Euclid Collaboration: Walmsley et al. 2025, arXiv:2503.15326 / Zenodo 10.5281/zenodo.15025832)"
euclid_q1_nonlens_102022477_NEG607818007472252695.fits,60.78180076072961,-47.22526956950445,nonlens,"Euclid Q1 Strong Lensing Discovery Engine (Euclid Collaboration: Walmsley et al. 2025, arXiv:2503.15326 / Zenodo 10.5281/zenodo.15025832)"
euclid_q1_nonlens_102022477_NEG607818007472252695.png,60.78180076072961,-47.22526956950445,nonlens,"Euclid Q1 Strong Lensing Discovery Engine (Euclid Collaboration: Walmsley et al. 2025, arXiv:2503.15326 / Zenodo 10.5281/zenodo.15025832)"
euclid_q1_nonlens_102159491_2754998495664697720.fits,275.4998495991057,66.4697720252383,nonlens,"Euclid Q1 Strong Lensing Discovery Engine (Euclid Collaboration: Walmsley et al. 2025, arXiv:2503.15326 / Zenodo 10.5281/zenodo.15025832)"
euclid_q1_nonlens_102159491_2754998495664697720.png,275.4998495991057,66.4697720252383,nonlens,"Euclid Q1 Strong Lensing Discovery Engine (Euclid Collaboration: Walmsley et al. 2025, arXiv:2503.15326 / Zenodo 10.5281/zenodo.15025832)"
euclid_q1_nonlens_102020536_NEG620017227491766105.fits,62.00172276611014,-49.17661059183326,nonlens,"Euclid Q1 Strong Lensing Discovery Engine (Euclid Collaboration: Walmsley et al. 2025, arXiv:2503.15326 / Zenodo 10.5281/zenodo.15025832)"
euclid_q1_nonlens_102020536_NEG620017227491766105.png,62.00172276611014,-49.17661059183326,nonlens,"Euclid Q1 Strong Lensing Discovery Engine (Euclid Collaboration: Walmsley et al. 2025, arXiv:2503.15326 / Zenodo 10.5281/zenodo.15025832)"
euclid_q1_nonlens_102044824_NEG527346511275265584.fits,52.73465114300155,-27.526558471091285,nonlens,"Euclid Q1 Strong Lensing Discovery Engine (Euclid Collaboration: Walmsley et al. 2025, arXiv:2503.15326 / Zenodo 10.5281/zenodo.15025832)"
euclid_q1_nonlens_102044824_NEG527346511275265584.png,52.73465114300155,-27.526558471091285,nonlens,"Euclid Q1 Strong Lensing Discovery Engine (Euclid Collaboration: Walmsley et al. 2025, arXiv:2503.15326 / Zenodo 10.5281/zenodo.15025832)"
euclid_q1_nonlens_102021011_NEG591136543486956988.fits,59.11365439764693,-48.695698821308525,nonlens,"Euclid Q1 Strong Lensing Discovery Engine (Euclid Collaboration: Walmsley et al. 2025, arXiv:2503.15326 / Zenodo 10.5281/zenodo.15025832)"
euclid_q1_nonlens_102021011_NEG591136543486956988.png,59.11365439764693,-48.695698821308525,nonlens,"Euclid Q1 Strong Lensing Discovery Engine (Euclid Collaboration: Walmsley et al. 2025, arXiv:2503.15326 / Zenodo 10.5281/zenodo.15025832)"
euclid_q1_nonlens_102021498_NEG620306655481048487.fits,62.03066556606032,-48.10484877506872,nonlens,"Euclid Q1 Strong Lensing Discovery Engine (Euclid Collaboration: Walmsley et al. 2025, arXiv:2503.15326 / Zenodo 10.5281/zenodo.15025832)"
euclid_q1_nonlens_102021498_NEG620306655481048487.png,62.03066556606032,-48.10484877506872,nonlens,"Euclid Q1 Strong Lensing Discovery Engine (Euclid Collaboration: Walmsley et al. 2025, arXiv:2503.15326 / Zenodo 10.5281/zenodo.15025832)"
euclid_q1_nonlens_102046111_NEG522665140264936840.fits,52.26651400888187,-26.493684049870563,nonlens,"Euclid Q1 Strong Lensing Discovery Engine (Euclid Collaboration: Walmsley et al. 2025, arXiv:2503.15326 / Zenodo 10.5281/zenodo.15025832)"
euclid_q1_nonlens_102046111_NEG522665140264936840.png,52.26651400888187,-26.493684049870563,nonlens,"Euclid Q1 Strong Lensing Discovery Engine (Euclid Collaboration: Walmsley et al. 2025, arXiv:2503.15326 / Zenodo 10.5281/zenodo.15025832)"
euclid_q1_nonlens_102159483_2651119819662770276.fits,265.1119819328292,66.27702765474245,nonlens,"Euclid Q1 Strong Lensing Discovery Engine (Euclid Collaboration: Walmsley et al. 2025, arXiv:2503.15326 / Zenodo 10.5281/zenodo.15025832)"
euclid_q1_nonlens_102159483_2651119819662770276.png,265.1119819328292,66.27702765474245,nonlens,"Euclid Q1 Strong Lensing Discovery Engine (Euclid Collaboration: Walmsley et al. 2025, arXiv:2503.15326 / Zenodo 10.5281/zenodo.15025832)"
euclid_q1_nonlens_102160611_2733734342682540416.fits,273.37343427872395,68.25404165398585,nonlens,"Euclid Q1 Strong Lensing Discovery Engine (Euclid Collaboration: Walmsley et al. 2025, arXiv:2503.15326 / Zenodo 10.5281/zenodo.15025832)"
euclid_q1_nonlens_102160611_2733734342682540416.png,273.37343427872395,68.25404165398585,nonlens,"Euclid Q1 Strong Lensing Discovery Engine (Euclid Collaboration: Walmsley et al. 2025, arXiv:2503.15326 / Zenodo 10.5281/zenodo.15025832)"
