file_path,label,redshift
data_5/lens_png/lens_2000.png,1,2.595676612959175
data_5/lens_png/lens_2001.png,1,4.813060978102692
data_5/lens_png/lens_2002.png,1,2.7622692801064357
data_5/lens_png/lens_2003.png,1,2.20410379979345
data_5/lens_png/lens_2004.png,1,2.5105758986631375
data_5/lens_png/lens_2005.png,1,1.046270310886187
data_5/lens_png/lens_2006.png,1,3.2810456440292644
data_5/lens_png/lens_2007.png,1,3.1883287096897512
data_5/lens_png/lens_2008.png,1,1.6625974218426047
data_5/lens_png/lens_2009.png,1,1.0320897803556617
data_5/lens_png/lens_2010.png,1,2.5918790529312656
data_5/lens_png/lens_2011.png,1,2.0408368249314104
data_5/lens_png/lens_2012.png,1,1.4659506100619628
data_5/lens_png/lens_2013.png,1,1.5576089684639034
data_5/lens_png/lens_2014.png,1,1.887368362859366
data_5/lens_png/lens_2015.png,1,4.455690397584535
data_5/lens_png/lens_2016.png,1,3.9813960626270304
data_5/lens_png/lens_2017.png,1,2.40522305906283
data_5/lens_png/lens_2018.png,1,4.5629438675268
data_5/lens_png/lens_2019.png,1,3.232658818099441
data_5/lens_png/lens_2020.png,1,2.6958039673664334
data_5/lens_png/lens_2021.png,1,0.953051636623474
data_5/lens_png/lens_2022.png,1,0.8329033426937253
data_5/lens_png/lens_2023.png,1,3.0638456006172268
data_5/lens_png/lens_2024.png,1,1.1843142121809782
data_5/lens_png/lens_2025.png,1,4.683246507466562
data_5/lens_png/lens_2026.png,1,4.8901867473534155
data_5/lens_png/lens_2027.png,1,3.9691329203144736
data_5/lens_png/lens_2028.png,1,3.5034090584798783
data_5/lens_png/lens_2029.png,1,4.461604175604967
data_5/lens_png/lens_2030.png,1,4.673951791333121
data_5/lens_png/lens_2031.png,1,1.2687221594621902
data_5/lens_png/lens_2032.png,1,1.6052051771091038
data_5/lens_png/lens_2033.png,1,3.8814747227136843
data_5/lens_png/lens_2034.png,1,4.938509075537097
data_5/lens_png/lens_2035.png,1,2.620000896922525
data_5/lens_png/lens_2036.png,1,0.4602052193821464
data_5/lens_png/lens_2037.png,1,3.6179088327577626
data_5/lens_png/lens_2038.png,1,2.5016255347181917
data_5/lens_png/lens_2039.png,1,1.7116024376673404
data_5/lens_png/lens_2040.png,1,3.9698966537101525
data_5/lens_png/lens_2041.png,1,4.175521095760921
data_5/lens_png/lens_2042.png,1,2.8152231853057605
data_5/lens_png/lens_2043.png,1,0.9728624391586016
data_5/lens_png/lens_2044.png,1,3.149861942146346
data_5/lens_png/lens_2045.png,1,0.9556040464414002
data_5/lens_png/lens_2046.png,1,2.3471496316181133
data_5/lens_png/lens_2047.png,1,2.9289562440775456
data_5/lens_png/lens_2048.png,1,3.411535695338993
data_5/lens_png/lens_2049.png,1,3.263438458817685
data_5/lens_png/lens_2050.png,1,4.712296150028234
data_5/lens_png/lens_2051.png,1,0.35996341076339
data_5/lens_png/lens_2052.png,1,1.0933635315896506
data_5/lens_png/lens_2053.png,1,4.536982021273448
data_5/lens_png/lens_2054.png,1,3.6355249397650358
data_5/lens_png/lens_2055.png,1,1.5841438439432303
data_5/lens_png/lens_2056.png,1,4.6299601529334105
data_5/lens_png/lens_2057.png,1,4.66553548823193
data_5/lens_png/lens_2058.png,1,4.856979431844743
data_5/lens_png/lens_2059.png,1,4.687251734622977
data_5/lens_png/lens_2060.png,1,4.588067347042784
data_5/lens_png/lens_2061.png,1,0.6231845283137962
data_5/lens_png/lens_2062.png,1,2.8153579473157073
data_5/lens_png/lens_2063.png,1,3.7623466231811618
data_5/lens_png/lens_2064.png,1,0.7194017342434502
data_5/lens_png/lens_2065.png,1,1.9159365562431803
data_5/lens_png/lens_2066.png,1,4.14397221139894
data_5/lens_png/lens_2067.png,1,4.975952794636358
data_5/lens_png/lens_2068.png,1,1.0906015629034347
data_5/lens_png/lens_2069.png,1,4.729646657840531
data_5/lens_png/lens_2070.png,1,3.1156630528176215
data_5/lens_png/lens_2071.png,1,0.5497373623760078
data_5/lens_png/lens_2072.png,1,1.1788593042863087
data_5/lens_png/lens_2073.png,1,0.7713172397758694
data_5/lens_png/lens_2074.png,1,3.720979197212017
data_5/lens_png/lens_2075.png,1,3.92542280285631
data_5/lens_png/lens_2076.png,1,1.570337804800135
data_5/lens_png/lens_2077.png,1,3.420446494845339
data_5/lens_png/lens_2078.png,1,1.6253547252244334
data_5/lens_png/lens_2079.png,1,4.18973974648189
data_5/lens_png/lens_2080.png,1,3.843250127191965
data_5/lens_png/lens_2081.png,1,1.6099008803101935
data_5/lens_png/lens_2082.png,1,1.0566223210854317
data_5/lens_png/lens_2083.png,1,4.954492372312641
data_5/lens_png/lens_2084.png,1,4.66439769495867
data_5/lens_png/lens_2085.png,1,2.458836156571093
data_5/lens_png/lens_2086.png,1,4.302765476241582
data_5/lens_png/lens_2087.png,1,4.779017818346795
data_5/lens_png/lens_2088.png,1,4.806014980103093
data_5/lens_png/lens_2089.png,1,1.0286540383917508
data_5/lens_png/lens_2090.png,1,2.4204286962684654
data_5/lens_png/lens_2091.png,1,1.0629651206283721
data_5/lens_png/lens_2092.png,1,3.0951115298942917
data_5/lens_png/lens_2093.png,1,2.143842883270608
data_5/lens_png/lens_2094.png,1,0.9520294453788651
data_5/lens_png/lens_2095.png,1,1.134498675602491
data_5/lens_png/lens_2096.png,1,1.872200876476676
data_5/lens_png/lens_2097.png,1,1.6907396208656502
data_5/lens_png/lens_2098.png,1,3.389960763697715
data_5/lens_png/lens_2099.png,1,0.6465609437075712
data_5/lens_png/lens_2100.png,1,0.7081166952434976
data_5/lens_png/lens_2101.png,1,4.629902712413324
data_5/lens_png/lens_2102.png,1,3.1900941446138917
data_5/lens_png/lens_2103.png,1,1.7437894905149511
data_5/lens_png/lens_2104.png,1,3.1037984492789006
data_5/lens_png/lens_2105.png,1,1.5603299701935665
data_5/lens_png/lens_2106.png,1,0.4125659006366349
data_5/lens_png/lens_2107.png,1,0.9749606763866663
data_5/lens_png/lens_2108.png,1,2.313382538335426
data_5/lens_png/lens_2109.png,1,4.8907824727788745
data_5/lens_png/lens_2110.png,1,3.7835988645957297
data_5/lens_png/lens_2111.png,1,0.6845264600199017
data_5/lens_png/lens_2112.png,1,2.922458545998485
data_5/lens_png/lens_2113.png,1,0.7392036660254844
data_5/lens_png/lens_2114.png,1,2.527739662858304
data_5/lens_png/lens_2115.png,1,0.9450818994087433
data_5/lens_png/lens_2116.png,1,3.2081284562655803
data_5/lens_png/lens_2117.png,1,3.2182285097831174
data_5/lens_png/lens_2118.png,1,4.210544249359551
data_5/lens_png/lens_2119.png,1,1.3374544931584194
data_5/lens_png/lens_2120.png,1,1.6894717911117543
data_5/lens_png/lens_2121.png,1,4.1607477272066955
data_5/lens_png/lens_2122.png,1,2.906508277689429
data_5/lens_png/lens_2123.png,1,2.2707028265045013
data_5/lens_png/lens_2124.png,1,0.39057885926248465
data_5/lens_png/lens_2125.png,1,0.36746446324211546
data_5/lens_png/lens_2126.png,1,4.6624366172788365
data_5/lens_png/lens_2127.png,1,3.9658393651153414
data_5/lens_png/lens_2128.png,1,3.394427553685332
data_5/lens_png/lens_2129.png,1,0.37105846571710993
data_5/lens_png/lens_2130.png,1,0.6125494334348569
data_5/lens_png/lens_2131.png,1,3.807862914731518
data_5/lens_png/lens_2132.png,1,3.608250785517721
data_5/lens_png/lens_2133.png,1,1.4716916807630194
data_5/lens_png/lens_2134.png,1,1.1077421694016776
data_5/lens_png/lens_2135.png,1,2.6096755042464266
data_5/lens_png/lens_2136.png,1,4.643234745640041
data_5/lens_png/lens_2137.png,1,4.751702096809514
data_5/lens_png/lens_2138.png,1,1.5441835454693893
data_5/lens_png/lens_2139.png,1,2.457727166010937
data_5/lens_png/lens_2140.png,1,2.1705143309293318
data_5/lens_png/lens_2141.png,1,2.6013203394795594
data_5/lens_png/lens_2142.png,1,3.0757124119217614
data_5/lens_png/lens_2143.png,1,1.8848467036944028
data_5/lens_png/lens_2144.png,1,1.2379323681058452
data_5/lens_png/lens_2145.png,1,1.6024000055917147
data_5/lens_png/lens_2146.png,1,4.829455154646926
data_5/lens_png/lens_2147.png,1,3.455541596647429
data_5/lens_png/lens_2148.png,1,4.963222707199896
data_5/lens_png/lens_2149.png,1,2.6411219318005457
data_5/lens_png/lens_2150.png,1,0.9772052348999642
data_5/lens_png/lens_2151.png,1,1.430899294257992
data_5/lens_png/lens_2152.png,1,3.748561616043579
data_5/lens_png/lens_2153.png,1,4.124288716847
data_5/lens_png/lens_2154.png,1,3.401044298982955
data_5/lens_png/lens_2155.png,1,1.3176956415046002
data_5/lens_png/lens_2156.png,1,3.923547105908555
data_5/lens_png/lens_2157.png,1,4.807637881359874
data_5/lens_png/lens_2158.png,1,4.054914312232105
data_5/lens_png/lens_2159.png,1,3.9205799235252137
data_5/lens_png/lens_2160.png,1,3.2960954224705517
data_5/lens_png/lens_2161.png,1,4.886628081632515
data_5/lens_png/lens_2162.png,1,2.0465118676628538
data_5/lens_png/lens_2163.png,1,3.7342925365353437
data_5/lens_png/lens_2164.png,1,4.026212340826888
data_5/lens_png/lens_2165.png,1,3.4160726930878047
data_5/lens_png/lens_2166.png,1,3.0850961126303758
data_5/lens_png/lens_2167.png,1,4.988129802501874
data_5/lens_png/lens_2168.png,1,4.488676676164307
data_5/lens_png/lens_2169.png,1,0.6335338440486159
data_5/lens_png/lens_2170.png,1,4.563409891158656
data_5/lens_png/lens_2171.png,1,3.535002433723677
data_5/lens_png/lens_2172.png,1,4.038128117909377
data_5/lens_png/lens_2173.png,1,4.409537062771626
data_5/lens_png/lens_2174.png,1,4.258361041866856
data_5/lens_png/lens_2175.png,1,0.7247007233427215
data_5/lens_png/lens_2176.png,1,1.2968372203847611
data_5/lens_png/lens_2177.png,1,0.5930014635565662
data_5/lens_png/lens_2178.png,1,3.434436017316168
data_5/lens_png/lens_2179.png,1,0.7758285395321802
data_5/lens_png/lens_2180.png,1,3.072465215241986
data_5/lens_png/lens_2181.png,1,3.9709789127607364
data_5/lens_png/lens_2182.png,1,4.762718625176186
data_5/lens_png/lens_2183.png,1,0.8637189412480171
data_5/lens_png/lens_2184.png,1,3.8631312405389733
data_5/lens_png/lens_2185.png,1,2.359202346548682
data_5/lens_png/lens_2186.png,1,2.230312594312279
data_5/lens_png/lens_2187.png,1,1.991458209942494
data_5/lens_png/lens_2188.png,1,3.35108600268877
data_5/lens_png/lens_2189.png,1,0.3462700713732806
data_5/lens_png/lens_2190.png,1,3.7844251309918064
data_5/lens_png/lens_2191.png,1,4.592364759609993
data_5/lens_png/lens_2192.png,1,3.3865067549905747
data_5/lens_png/lens_2193.png,1,0.8547569747270911
data_5/lens_png/lens_2194.png,1,0.3313015547688327
data_5/lens_png/lens_2195.png,1,1.1116663278985746
data_5/lens_png/lens_2196.png,1,4.605134065785402
data_5/lens_png/lens_2197.png,1,4.639598384399708
data_5/lens_png/lens_2198.png,1,0.9544240831528323
data_5/lens_png/lens_2199.png,1,2.9033353776548516
data_5/lens_png/lens_2200.png,1,4.003852435837083
data_5/lens_png/lens_2201.png,1,2.4806414373195182
data_5/lens_png/lens_2202.png,1,3.0793556207104396
data_5/lens_png/lens_2203.png,1,2.1395636121283124
data_5/lens_png/lens_2204.png,1,3.738432760979802
data_5/lens_png/lens_2205.png,1,3.22198605568851
data_5/lens_png/lens_2206.png,1,1.0882063561173503
data_5/lens_png/lens_2207.png,1,0.8502198551398084
data_5/lens_png/lens_2208.png,1,2.521411942070021
data_5/lens_png/lens_2209.png,1,2.768487359063783
data_5/lens_png/lens_2210.png,1,3.0183961066767866
data_5/lens_png/lens_2211.png,1,3.865213025649139
data_5/lens_png/lens_2212.png,1,1.6311841839544623
data_5/lens_png/lens_2213.png,1,4.229826937775144
data_5/lens_png/lens_2214.png,1,1.8462390094061916
data_5/lens_png/lens_2215.png,1,3.1539681517190576
data_5/lens_png/lens_2216.png,1,4.878986984435316
data_5/lens_png/lens_2217.png,1,2.230036238239419
data_5/lens_png/lens_2218.png,1,4.013946867852059
data_5/lens_png/lens_2219.png,1,2.9193784129592544
data_5/lens_png/lens_2220.png,1,2.2491005406242808
data_5/lens_png/lens_2221.png,1,3.500968253459907
data_5/lens_png/lens_2222.png,1,4.293065053791689
data_5/lens_png/lens_2223.png,1,0.3744679198534712
data_5/lens_png/lens_2224.png,1,2.5343940415921526
data_5/lens_png/lens_2225.png,1,1.4170478474422885
data_5/lens_png/lens_2226.png,1,3.6196888301179087
data_5/lens_png/lens_2227.png,1,3.79293313990042
data_5/lens_png/lens_2228.png,1,3.7098380700804547
data_5/lens_png/lens_2229.png,1,1.6918858573214393
data_5/lens_png/lens_2230.png,1,1.3403321047381613
data_5/lens_png/lens_2231.png,1,2.191677627691336
data_5/lens_png/lens_2232.png,1,3.6396975640209743
data_5/lens_png/lens_2233.png,1,2.1778867667448427
data_5/lens_png/lens_2234.png,1,0.8940382849071955
data_5/lens_png/lens_2235.png,1,2.8368094377610706
data_5/lens_png/lens_2236.png,1,0.8034481600057803
data_5/lens_png/lens_2237.png,1,3.30790430646328
data_5/lens_png/lens_2238.png,1,3.8559628091210403
data_5/lens_png/lens_2239.png,1,1.5937671794260606
data_5/lens_png/lens_2240.png,1,4.5683115120179165
data_5/lens_png/lens_2241.png,1,2.1535210236979347
data_5/lens_png/lens_2242.png,1,1.4297967107755187
data_5/lens_png/lens_2243.png,1,1.9946717459364312
data_5/lens_png/lens_2244.png,1,2.6014223842652675
data_5/lens_png/lens_2245.png,1,1.6304812924369476
data_5/lens_png/lens_2246.png,1,1.0118117366667092
data_5/lens_png/lens_2247.png,1,1.9707502965426509
data_5/lens_png/lens_2248.png,1,2.4180876105977624
data_5/lens_png/lens_2249.png,1,2.766191438672541
data_5/lens_png/lens_2250.png,1,2.987911711044109
data_5/lens_png/lens_2251.png,1,2.5027815239933857
data_5/lens_png/lens_2252.png,1,3.79457294539526
data_5/lens_png/lens_2253.png,1,1.2897415996082366
data_5/lens_png/lens_2254.png,1,1.0000424109625363
data_5/lens_png/lens_2255.png,1,3.278113039622264
data_5/lens_png/lens_2256.png,1,1.4333813445690913
data_5/lens_png/lens_2257.png,1,3.922055752307978
data_5/lens_png/lens_2258.png,1,3.791373255311734
data_5/lens_png/lens_2259.png,1,2.561891140216134
data_5/lens_png/lens_2260.png,1,2.4662319679756135
data_5/lens_png/lens_2261.png,1,1.5631843154914762
data_5/lens_png/lens_2262.png,1,1.0806140902722732
data_5/lens_png/lens_2263.png,1,3.925111007961847
data_5/lens_png/lens_2264.png,1,2.282934745024616
data_5/lens_png/lens_2265.png,1,1.393993224285487
data_5/lens_png/lens_2266.png,1,3.6429144658397745
data_5/lens_png/lens_2267.png,1,3.191377982739477
data_5/lens_png/lens_2268.png,1,3.1260047353100178
data_5/lens_png/lens_2269.png,1,3.808875993775208
data_5/lens_png/lens_2270.png,1,2.4138073939428533
data_5/lens_png/lens_2271.png,1,0.6481375040862907
data_5/lens_png/lens_2272.png,1,1.6443940614315096
data_5/lens_png/lens_2273.png,1,4.361828755125663
data_5/lens_png/lens_2274.png,1,4.438935400140779
data_5/lens_png/lens_2275.png,1,4.939044997449582
data_5/lens_png/lens_2276.png,1,2.6129314208253467
data_5/lens_png/lens_2277.png,1,4.514479297491583
data_5/lens_png/lens_2278.png,1,1.5589915301555954
data_5/lens_png/lens_2279.png,1,4.213108971817627
data_5/lens_png/lens_2280.png,1,3.8504241770133474
data_5/lens_png/lens_2281.png,1,3.3228692576791863
data_5/lens_png/lens_2282.png,1,4.222247394301693
data_5/lens_png/lens_2283.png,1,1.899213542314399
data_5/lens_png/lens_2284.png,1,0.7889922097670232
data_5/lens_png/lens_2285.png,1,0.5948254101388087
data_5/lens_png/lens_2286.png,1,4.2832981102539085
data_5/lens_png/lens_2287.png,1,1.6997717316510257
data_5/lens_png/lens_2288.png,1,0.9820407907970594
data_5/lens_png/lens_2289.png,1,3.7697125379376235
data_5/lens_png/lens_2290.png,1,3.719621638458308
data_5/lens_png/lens_2291.png,1,2.5657575604641067
data_5/lens_png/lens_2292.png,1,3.8602643892514066
data_5/lens_png/lens_2293.png,1,3.390927253758261
data_5/lens_png/lens_2294.png,1,4.721794965841715
data_5/lens_png/lens_2295.png,1,3.447751822691866
data_5/lens_png/lens_2296.png,1,4.206660711837796
data_5/lens_png/lens_2297.png,1,4.143018543472801
data_5/lens_png/lens_2298.png,1,1.6986452905225307
data_5/lens_png/lens_2299.png,1,1.8794448674966633
data_5/lens_png/lens_2300.png,1,3.0281977018075987
data_5/lens_png/lens_2301.png,1,1.0917597390556848
data_5/lens_png/lens_2302.png,1,1.8293018063776945
data_5/lens_png/lens_2303.png,1,1.3834162546690991
data_5/lens_png/lens_2304.png,1,1.8028642510660364
data_5/lens_png/lens_2305.png,1,0.9267210859507369
data_5/lens_png/lens_2306.png,1,1.929693531110405
data_5/lens_png/lens_2307.png,1,2.6102554789972516
data_5/lens_png/lens_2308.png,1,4.725359915216074
data_5/lens_png/lens_2309.png,1,4.005696794209211
data_5/lens_png/lens_2310.png,1,0.37226278526293893
data_5/lens_png/lens_2311.png,1,1.3282266533908074
data_5/lens_png/lens_2312.png,1,0.4241222019354771
data_5/lens_png/lens_2313.png,1,4.016043577268448
data_5/lens_png/lens_2314.png,1,1.0021604925824192
data_5/lens_png/lens_2315.png,1,4.381050631197571
data_5/lens_png/lens_2316.png,1,4.518706566425908
data_5/lens_png/lens_2317.png,1,2.943947556784668
data_5/lens_png/lens_2318.png,1,1.1321201848755358
data_5/lens_png/lens_2319.png,1,2.3199520345539253
data_5/lens_png/lens_2320.png,1,3.9219848561630277
data_5/lens_png/lens_2321.png,1,1.786178566332067
data_5/lens_png/lens_2322.png,1,4.396962433729643
data_5/lens_png/lens_2323.png,1,3.3909610151816527
data_5/lens_png/lens_2324.png,1,2.5573577760862864
data_5/lens_png/lens_2325.png,1,1.5166443255463902
data_5/lens_png/lens_2326.png,1,4.462013155803394
data_5/lens_png/lens_2327.png,1,0.426180083211815
data_5/lens_png/lens_2328.png,1,0.5210868088855131
data_5/lens_png/lens_2329.png,1,3.016506353090071
data_5/lens_png/lens_2330.png,1,0.7973317253927983
data_5/lens_png/lens_2331.png,1,1.8096861214910718
data_5/lens_png/lens_2332.png,1,4.149776858728974
data_5/lens_png/lens_2333.png,1,1.4389895859512325
data_5/lens_png/lens_2334.png,1,1.993728441507236
data_5/lens_png/lens_2335.png,1,1.772869353202103
data_5/lens_png/lens_2336.png,1,1.8880667913341003
data_5/lens_png/lens_2337.png,1,2.093516931737429
data_5/lens_png/lens_2338.png,1,2.7265424732664174
data_5/lens_png/lens_2339.png,1,3.956920182105535
data_5/lens_png/lens_2340.png,1,2.9717130564537975
data_5/lens_png/lens_2341.png,1,2.5446485441943696
data_5/lens_png/lens_2342.png,1,3.420186076861703
data_5/lens_png/lens_2343.png,1,1.951126012705698
data_5/lens_png/lens_2344.png,1,4.579162629774614
data_5/lens_png/lens_2345.png,1,3.4400820225122537
data_5/lens_png/lens_2346.png,1,1.0445837358478225
data_5/lens_png/lens_2347.png,1,1.8307766525576954
data_5/lens_png/lens_2348.png,1,2.1855347307813395
data_5/lens_png/lens_2349.png,1,1.3506694956844683
data_5/lens_png/lens_2350.png,1,3.181198849977836
data_5/lens_png/lens_2351.png,1,0.5239905456472749
data_5/lens_png/lens_2352.png,1,1.4388452831440885
data_5/lens_png/lens_2353.png,1,2.9500798704655167
data_5/lens_png/lens_2354.png,1,2.2288146783205613
data_5/lens_png/lens_2355.png,1,4.933025769794318
data_5/lens_png/lens_2356.png,1,0.48487691148494916
data_5/lens_png/lens_2357.png,1,0.9749043173186056
data_5/lens_png/lens_2358.png,1,2.5138091194864476
data_5/lens_png/lens_2359.png,1,2.39893255623151
data_5/lens_png/lens_2360.png,1,0.8946957975124756
data_5/lens_png/lens_2361.png,1,1.3377608102315022
data_5/lens_png/lens_2362.png,1,3.9411292748890503
data_5/lens_png/lens_2363.png,1,3.9290161523675775
data_5/lens_png/lens_2364.png,1,1.2358998519640467
data_5/lens_png/lens_2365.png,1,2.1578349145590394
data_5/lens_png/lens_2366.png,1,2.0542317895194926
data_5/lens_png/lens_2367.png,1,1.4269141655963602
data_5/lens_png/lens_2368.png,1,4.208292209617613
data_5/lens_png/lens_2369.png,1,3.229532316602537
data_5/lens_png/lens_2370.png,1,4.228495338870944
data_5/lens_png/lens_2371.png,1,0.8707599536396102
data_5/lens_png/lens_2372.png,1,0.4769078497445808
data_5/lens_png/lens_2373.png,1,3.5073030232448463
data_5/lens_png/lens_2374.png,1,0.40867346872465404
data_5/lens_png/lens_2375.png,1,1.278255506657709
data_5/lens_png/lens_2376.png,1,4.069503429659003
data_5/lens_png/lens_2377.png,1,4.583399618265975
data_5/lens_png/lens_2378.png,1,3.872795245324159
data_5/lens_png/lens_2379.png,1,1.7005856911287802
data_5/lens_png/lens_2380.png,1,4.595792601457904
data_5/lens_png/lens_2381.png,1,2.6151867973584544
data_5/lens_png/lens_2382.png,1,3.5238488909490853
data_5/lens_png/lens_2383.png,1,2.1197719026123854
data_5/lens_png/lens_2384.png,1,1.0199422369248825
data_5/lens_png/lens_2385.png,1,1.5256990108537918
data_5/lens_png/lens_2386.png,1,3.9659341197581965
data_5/lens_png/lens_2387.png,1,2.2883852600225043
data_5/lens_png/lens_2388.png,1,4.0761342243079435
data_5/lens_png/lens_2389.png,1,3.1218098710906776
data_5/lens_png/lens_2390.png,1,2.3690214348065974
data_5/lens_png/lens_2391.png,1,1.716162462128428
data_5/lens_png/lens_2392.png,1,2.296309986676382
data_5/lens_png/lens_2393.png,1,0.798807758076364
data_5/lens_png/lens_2394.png,1,1.7410017941478442
data_5/lens_png/lens_2395.png,1,3.9253271574103357
data_5/lens_png/lens_2396.png,1,2.0629447161011902
data_5/lens_png/lens_2397.png,1,1.8017808187722573
data_5/lens_png/lens_2398.png,1,1.4703742433355105
data_5/lens_png/lens_2399.png,1,2.5219912263831556
data_5/lens_png/lens_2400.png,1,0.7354674812798854
data_5/lens_png/lens_2401.png,1,3.3113240492420495
data_5/lens_png/lens_2402.png,1,4.473948198323773
data_5/lens_png/lens_2403.png,1,4.137776256389859
data_5/lens_png/lens_2404.png,1,3.630330721332004
data_5/lens_png/lens_2405.png,1,3.760389698910092
data_5/lens_png/lens_2406.png,1,3.655878102276472
data_5/lens_png/lens_2407.png,1,4.697859787608048
data_5/lens_png/lens_2408.png,1,2.4366758542178384
data_5/lens_png/lens_2409.png,1,0.4259224837825467
data_5/lens_png/lens_2410.png,1,4.3382482180731285
data_5/lens_png/lens_2411.png,1,2.276243303149996
data_5/lens_png/lens_2412.png,1,2.2148431068219727
data_5/lens_png/lens_2413.png,1,3.983763932941904
data_5/lens_png/lens_2414.png,1,1.9534481671115358
data_5/lens_png/lens_2415.png,1,2.4122242924918003
data_5/lens_png/lens_2416.png,1,0.6183536970972925
data_5/lens_png/lens_2417.png,1,1.9366121458941583
data_5/lens_png/lens_2418.png,1,1.9935600792027504
data_5/lens_png/lens_2419.png,1,3.0001306615513976
data_5/lens_png/lens_2420.png,1,0.643736015903754
data_5/lens_png/lens_2421.png,1,2.514930451229282
data_5/lens_png/lens_2422.png,1,1.073863259771141
data_5/lens_png/lens_2423.png,1,3.4706848416042977
data_5/lens_png/lens_2424.png,1,0.3614577022326166
data_5/lens_png/lens_2425.png,1,1.5895894379602709
data_5/lens_png/lens_2426.png,1,1.024624535602682
data_5/lens_png/lens_2427.png,1,1.635180056042344
data_5/lens_png/lens_2428.png,1,0.31275554918694054
data_5/lens_png/lens_2429.png,1,1.2000157287934374
data_5/lens_png/lens_2430.png,1,1.191939493806202
data_5/lens_png/lens_2431.png,1,2.041046826939055
data_5/lens_png/lens_2432.png,1,3.6766856124032175
data_5/lens_png/lens_2433.png,1,4.0942633285176155
data_5/lens_png/lens_2434.png,1,1.5967768754221232
data_5/lens_png/lens_2435.png,1,3.6553379722998414
data_5/lens_png/lens_2436.png,1,1.904305507332404
data_5/lens_png/lens_2437.png,1,3.886104348228246
data_5/lens_png/lens_2438.png,1,1.3482786784677123
data_5/lens_png/lens_2439.png,1,2.8560216743829527
data_5/lens_png/lens_2440.png,1,2.9950057014388265
data_5/lens_png/lens_2441.png,1,1.488644293212832
data_5/lens_png/lens_2442.png,1,1.6808078574686387
data_5/lens_png/lens_2443.png,1,0.9301814385737976
data_5/lens_png/lens_2444.png,1,3.5416160130334284
data_5/lens_png/lens_2445.png,1,4.787489267372051
data_5/lens_png/lens_2446.png,1,1.8136546713762471
data_5/lens_png/lens_2447.png,1,4.928883418832769
data_5/lens_png/lens_2448.png,1,2.6855794608857075
data_5/lens_png/lens_2449.png,1,1.4660658053776257
data_5/lens_png/lens_2450.png,1,2.8312973680246913
data_5/lens_png/lens_2451.png,1,2.2100011698713287
data_5/lens_png/lens_2452.png,1,0.5403088722502365
data_5/lens_png/lens_2453.png,1,3.3605124294178315
data_5/lens_png/lens_2454.png,1,0.7616063628018102
data_5/lens_png/lens_2455.png,1,1.536222513705896
data_5/lens_png/lens_2456.png,1,0.436017918005274
data_5/lens_png/lens_2457.png,1,4.3447405900177385
data_5/lens_png/lens_2458.png,1,1.7984122416496322
data_5/lens_png/lens_2459.png,1,3.8429598298150323
data_5/lens_png/lens_2460.png,1,1.0031109527240436
data_5/lens_png/lens_2461.png,1,4.348781406450196
data_5/lens_png/lens_2462.png,1,2.1464459030914447
data_5/lens_png/lens_2463.png,1,2.740485258908596
data_5/lens_png/lens_2464.png,1,2.6557768602839187
data_5/lens_png/lens_2465.png,1,1.7880888625047975
data_5/lens_png/lens_2466.png,1,1.8978284126656837
data_5/lens_png/lens_2467.png,1,3.3559561438435503
data_5/lens_png/lens_2468.png,1,2.5654627235272938
data_5/lens_png/lens_2469.png,1,1.8420049154414475
data_5/lens_png/lens_2470.png,1,4.162637484876034
data_5/lens_png/lens_2471.png,1,2.5602293549313315
data_5/lens_png/lens_2472.png,1,2.6399369924333542
data_5/lens_png/lens_2473.png,1,1.8121069804448968
data_5/lens_png/lens_2474.png,1,1.9604835889451908
data_5/lens_png/lens_2475.png,1,3.0235017161499957
data_5/lens_png/lens_2476.png,1,4.083183457217288
data_5/lens_png/lens_2477.png,1,1.9144010141870353
data_5/lens_png/lens_2478.png,1,4.302922275207786
data_5/lens_png/lens_2479.png,1,4.19010177576528
data_5/lens_png/lens_2480.png,1,4.052298137152688
data_5/lens_png/lens_2481.png,1,3.7372970695083523
data_5/lens_png/lens_2482.png,1,2.1377079409213375
data_5/lens_png/lens_2483.png,1,1.0062672839618247
data_5/lens_png/lens_2484.png,1,3.164514690966554
data_5/lens_png/lens_2485.png,1,1.5585589427189184
data_5/lens_png/lens_2486.png,1,1.4119122783474731
data_5/lens_png/lens_2487.png,1,2.6793727768675457
data_5/lens_png/lens_2488.png,1,2.182653576849066
data_5/lens_png/lens_2489.png,1,4.576084389789669
data_5/lens_png/lens_2490.png,1,2.473775716697889
data_5/lens_png/lens_2491.png,1,3.685119160723387
data_5/lens_png/lens_2492.png,1,3.9668396125873167
data_5/lens_png/lens_2493.png,1,0.9645541730821041
data_5/lens_png/lens_2494.png,1,4.510069642296156
data_5/lens_png/lens_2495.png,1,2.299121059173246
data_5/lens_png/lens_2496.png,1,4.127896663253952
data_5/lens_png/lens_2497.png,1,2.413130230202558
data_5/lens_png/lens_2498.png,1,4.001812172383122
data_5/lens_png/lens_2499.png,1,0.39146449744657574
data_5/lens_png/lens_2500.png,1,0.6442336462113063
data_5/lens_png/lens_2501.png,1,0.6409527036522238
data_5/lens_png/lens_2502.png,1,0.7262098749209015
data_5/lens_png/lens_2503.png,1,1.048423248870998
data_5/lens_png/lens_2504.png,1,1.292366708488115
data_5/lens_png/lens_2505.png,1,3.2306974676951294
data_5/lens_png/lens_2506.png,1,3.449017850555022
data_5/lens_png/lens_2507.png,1,3.082307188644295
data_5/lens_png/lens_2508.png,1,0.8748525705383869
data_5/lens_png/lens_2509.png,1,2.2391935361041453
data_5/lens_png/lens_2510.png,1,0.8850186047339019
data_5/lens_png/lens_2511.png,1,3.629310702311441
data_5/lens_png/lens_2512.png,1,3.736496483331572
data_5/lens_png/lens_2513.png,1,3.959275687729105
data_5/lens_png/lens_2514.png,1,3.4159399679631557
data_5/lens_png/lens_2515.png,1,1.6831470665881068
data_5/lens_png/lens_2516.png,1,2.2255585641347237
data_5/lens_png/lens_2517.png,1,3.202469737448151
data_5/lens_png/lens_2518.png,1,2.148295421228175
data_5/lens_png/lens_2519.png,1,4.445065443321776
data_5/lens_png/lens_2520.png,1,2.0277511904403687
data_5/lens_png/lens_2521.png,1,4.79304649259474
data_5/lens_png/lens_2522.png,1,2.858206845078989
data_5/lens_png/lens_2523.png,1,1.0125194107735125
data_5/lens_png/lens_2524.png,1,4.053286374918622
data_5/lens_png/lens_2525.png,1,1.206106761358227
data_5/lens_png/lens_2526.png,1,1.593911056021671
data_5/lens_png/lens_2527.png,1,3.7905108588709187
data_5/lens_png/lens_2528.png,1,4.272821444304815
data_5/lens_png/lens_2529.png,1,2.6905877701305108
data_5/lens_png/lens_2530.png,1,0.8967932030943728
data_5/lens_png/lens_2531.png,1,1.1372248735648327
data_5/lens_png/lens_2532.png,1,3.562387607689768
data_5/lens_png/lens_2533.png,1,3.4165952499191135
data_5/lens_png/lens_2534.png,1,4.435846246018069
data_5/lens_png/lens_2535.png,1,1.9545147590328324
data_5/lens_png/lens_2536.png,1,2.8049570285941265
data_5/lens_png/lens_2537.png,1,1.0482004827091735
data_5/lens_png/lens_2538.png,1,0.7474090061525251
data_5/lens_png/lens_2539.png,1,0.3902351605540294
data_5/lens_png/lens_2540.png,1,1.6558724899059818
data_5/lens_png/lens_2541.png,1,2.105869403060184
data_5/lens_png/lens_2542.png,1,2.66359004825049
data_5/lens_png/lens_2543.png,1,4.45810763310781
data_5/lens_png/lens_2544.png,1,4.878283341178039
data_5/lens_png/lens_2545.png,1,2.4772231309724293
data_5/lens_png/lens_2546.png,1,1.3822448827744707
data_5/lens_png/lens_2547.png,1,2.178416071871597
data_5/lens_png/lens_2548.png,1,3.386548755953553
data_5/lens_png/lens_2549.png,1,2.4368413601537915
data_5/lens_png/lens_2550.png,1,4.277197951233288
data_5/lens_png/lens_2551.png,1,0.46548457608039584
data_5/lens_png/lens_2552.png,1,2.1806440341579294
data_5/lens_png/lens_2553.png,1,0.3291675277381251
data_5/lens_png/lens_2554.png,1,1.4775327271557632
data_5/lens_png/lens_2555.png,1,4.950932792578784
data_5/lens_png/lens_2556.png,1,0.3951187590803587
data_5/lens_png/lens_2557.png,1,4.037696833452641
data_5/lens_png/lens_2558.png,1,3.236172950549493
data_5/lens_png/lens_2559.png,1,4.130419630272685
data_5/lens_png/lens_2560.png,1,1.350626262591864
data_5/lens_png/lens_2561.png,1,0.996000933586132
data_5/lens_png/lens_2562.png,1,1.719826277746283
data_5/lens_png/lens_2563.png,1,1.174259617425647
data_5/lens_png/lens_2564.png,1,2.0223745030223084
data_5/lens_png/lens_2565.png,1,3.624679297522125
data_5/lens_png/lens_2566.png,1,1.3657582128844319
data_5/lens_png/lens_2567.png,1,2.7930721028858536
data_5/lens_png/lens_2568.png,1,3.365997431159446
data_5/lens_png/lens_2569.png,1,1.4992352160502196
data_5/lens_png/lens_2570.png,1,1.4390258244562364
data_5/lens_png/lens_2571.png,1,4.616648235091912
data_5/lens_png/lens_2572.png,1,2.7199929317452685
data_5/lens_png/lens_2573.png,1,0.6652968685074181
data_5/lens_png/lens_2574.png,1,0.828977451747912
data_5/lens_png/lens_2575.png,1,3.1010483013928996
data_5/lens_png/lens_2576.png,1,1.7983610716989586
data_5/lens_png/lens_2577.png,1,1.5555195173788612
data_5/lens_png/lens_2578.png,1,2.322374085556674
data_5/lens_png/lens_2579.png,1,2.4411259246267534
data_5/lens_png/lens_2580.png,1,2.9628658030587536
data_5/lens_png/lens_2581.png,1,3.1892563377813254
data_5/lens_png/lens_2582.png,1,3.1673233447690587
data_5/lens_png/lens_2583.png,1,2.5353828892996435
data_5/lens_png/lens_2584.png,1,4.3696257506933724
data_5/lens_png/lens_2585.png,1,3.6140871050179277
data_5/lens_png/lens_2586.png,1,3.9385024364530237
data_5/lens_png/lens_2587.png,1,2.8895419461585994
data_5/lens_png/lens_2588.png,1,3.714603053613156
data_5/lens_png/lens_2589.png,1,3.945800815738132
data_5/lens_png/lens_2590.png,1,2.889863619963005
data_5/lens_png/lens_2591.png,1,4.243874460281323
data_5/lens_png/lens_2592.png,1,2.876409827974397
data_5/lens_png/lens_2593.png,1,4.578327909110832
data_5/lens_png/lens_2594.png,1,4.629101553602594
data_5/lens_png/lens_2595.png,1,1.9578079428259323
data_5/lens_png/lens_2596.png,1,3.5107130272823723
data_5/lens_png/lens_2597.png,1,2.8742615296408878
data_5/lens_png/lens_2598.png,1,0.5559944744225374
data_5/lens_png/lens_2599.png,1,3.6937074967462933
data_5/lens_png/lens_2600.png,1,2.2253250337916293
data_5/lens_png/lens_2601.png,1,2.8600855489502903
data_5/lens_png/lens_2602.png,1,2.3897126998606795
data_5/lens_png/lens_2603.png,1,4.535207865523449
data_5/lens_png/lens_2604.png,1,2.694450351823612
data_5/lens_png/lens_2605.png,1,1.8596772646827022
data_5/lens_png/lens_2606.png,1,4.212516047702383
data_5/lens_png/lens_2607.png,1,1.4735244667701157
data_5/lens_png/lens_2608.png,1,4.810627362949544
data_5/lens_png/lens_2609.png,1,2.801759487253431
data_5/lens_png/lens_2610.png,1,0.7241757340334359
data_5/lens_png/lens_2611.png,1,3.772146353861269
data_5/lens_png/lens_2612.png,1,4.975013266398707
data_5/lens_png/lens_2613.png,1,2.2112842024302384
data_5/lens_png/lens_2614.png,1,1.6394760010665324
data_5/lens_png/lens_2615.png,1,4.799067594397762
data_5/lens_png/lens_2616.png,1,4.036313315879486
data_5/lens_png/lens_2617.png,1,3.3183239390921937
data_5/lens_png/lens_2618.png,1,1.440831527362066
data_5/lens_png/lens_2619.png,1,2.5190123318908295
data_5/lens_png/lens_2620.png,1,3.8938676083536485
data_5/lens_png/lens_2621.png,1,3.663621271317865
data_5/lens_png/lens_2622.png,1,4.817702752869275
data_5/lens_png/lens_2623.png,1,1.2542630213014696
data_5/lens_png/lens_2624.png,1,4.572776586015329
data_5/lens_png/lens_2625.png,1,0.6425291811637817
data_5/lens_png/lens_2626.png,1,0.8291493844606377
data_5/lens_png/lens_2627.png,1,3.408601251225894
data_5/lens_png/lens_2628.png,1,4.172414722379925
data_5/lens_png/lens_2629.png,1,4.1630722592652365
data_5/lens_png/lens_2630.png,1,3.4112073679706953
data_5/lens_png/lens_2631.png,1,1.649349109866706
data_5/lens_png/lens_2632.png,1,3.550574819903413
data_5/lens_png/lens_2633.png,1,4.014650664004346
data_5/lens_png/lens_2634.png,1,1.801831255072966
data_5/lens_png/lens_2635.png,1,1.0884771281946837
data_5/lens_png/lens_2636.png,1,1.235674184578411
data_5/lens_png/lens_2637.png,1,0.4022153867771765
data_5/lens_png/lens_2638.png,1,2.7749511896770533
data_5/lens_png/lens_2639.png,1,3.1058594550837064
data_5/lens_png/lens_2640.png,1,1.3073528767376348
data_5/lens_png/lens_2641.png,1,2.4395832554833743
data_5/lens_png/lens_2642.png,1,0.4074051007932735
data_5/lens_png/lens_2643.png,1,1.7745564881108542
data_5/lens_png/lens_2644.png,1,4.6391575345697005
data_5/lens_png/lens_2645.png,1,3.6015054733181184
data_5/lens_png/lens_2646.png,1,2.702143823348149
data_5/lens_png/lens_2647.png,1,3.28531839283414
data_5/lens_png/lens_2648.png,1,2.7940302679396773
data_5/lens_png/lens_2649.png,1,2.0313276631687387
data_5/lens_png/lens_2650.png,1,3.986181030788997
data_5/lens_png/lens_2651.png,1,0.6655592697343008
data_5/lens_png/lens_2652.png,1,1.6510597204244792
data_5/lens_png/lens_2653.png,1,3.442985352194042
data_5/lens_png/lens_2654.png,1,3.526317796481785
data_5/lens_png/lens_2655.png,1,2.718091977911686
data_5/lens_png/lens_2656.png,1,1.4767782093975597
data_5/lens_png/lens_2657.png,1,1.2743543786020572
data_5/lens_png/lens_2658.png,1,2.8511402841306195
data_5/lens_png/lens_2659.png,1,0.6199126004768214
data_5/lens_png/lens_2660.png,1,4.245412594633237
data_5/lens_png/lens_2661.png,1,2.6463295097014834
data_5/lens_png/lens_2662.png,1,4.852806134892243
data_5/lens_png/lens_2663.png,1,0.483048185065388
data_5/lens_png/lens_2664.png,1,2.8237414519871082
data_5/lens_png/lens_2665.png,1,3.018296019160162
data_5/lens_png/lens_2666.png,1,4.68246316071067
data_5/lens_png/lens_2667.png,1,2.444885608262415
data_5/lens_png/lens_2668.png,1,1.9843575935149578
data_5/lens_png/lens_2669.png,1,2.227863195292143
data_5/lens_png/lens_2670.png,1,2.978679781455801
data_5/lens_png/lens_2671.png,1,3.808309678437247
data_5/lens_png/lens_2672.png,1,1.076742157331363
data_5/lens_png/lens_2673.png,1,2.7524619517070072
data_5/lens_png/lens_2674.png,1,2.753314620414392
data_5/lens_png/lens_2675.png,1,1.340488027852408
data_5/lens_png/lens_2676.png,1,1.5144017630841216
data_5/lens_png/lens_2677.png,1,3.8280703757417465
data_5/lens_png/lens_2678.png,1,0.6496321130604839
data_5/lens_png/lens_2679.png,1,3.0857077990244406
data_5/lens_png/lens_2680.png,1,2.707548554129214
data_5/lens_png/lens_2681.png,1,1.487537775818544
data_5/lens_png/lens_2682.png,1,4.323651245412391
data_5/lens_png/lens_2683.png,1,1.2389165751244042
data_5/lens_png/lens_2684.png,1,1.3489207131006966
data_5/lens_png/lens_2685.png,1,2.662812552762609
data_5/lens_png/lens_2686.png,1,1.27197351317915
data_5/lens_png/lens_2687.png,1,0.7895333271623293
data_5/lens_png/lens_2688.png,1,4.853547678046097
data_5/lens_png/lens_2689.png,1,1.083755588990954
data_5/lens_png/lens_2690.png,1,1.089575509429841
data_5/lens_png/lens_2691.png,1,1.7850284033853285
data_5/lens_png/lens_2692.png,1,2.3320502751384216
data_5/lens_png/lens_2693.png,1,1.4245422326129833
data_5/lens_png/lens_2694.png,1,4.801383154687248
data_5/lens_png/lens_2695.png,1,2.6949279310889382
data_5/lens_png/lens_2696.png,1,2.985059800976629
data_5/lens_png/lens_2697.png,1,3.741201569679314
data_5/lens_png/lens_2698.png,1,4.535801371835621
data_5/lens_png/lens_2699.png,1,0.4991041124193383
data_5/lens_png/lens_2700.png,1,1.27698518574405
data_5/lens_png/lens_2701.png,1,4.482569862781707
data_5/lens_png/lens_2702.png,1,4.6791775831842
data_5/lens_png/lens_2703.png,1,3.7734906985460284
data_5/lens_png/lens_2704.png,1,4.551100798090579
data_5/lens_png/lens_2705.png,1,4.3566952035103474
data_5/lens_png/lens_2706.png,1,2.1415195663013513
data_5/lens_png/lens_2707.png,1,4.934502052370165
data_5/lens_png/lens_2708.png,1,2.7345553485082696
data_5/lens_png/lens_2709.png,1,0.38924113905314994
data_5/lens_png/lens_2710.png,1,1.9044683140017822
data_5/lens_png/lens_2711.png,1,1.7242098268073924
data_5/lens_png/lens_2712.png,1,1.4756276774413912
data_5/lens_png/lens_2713.png,1,3.672952843963123
data_5/lens_png/lens_2714.png,1,1.240967633727161
data_5/lens_png/lens_2715.png,1,2.091557448877231
data_5/lens_png/lens_2716.png,1,2.99382336765022
data_5/lens_png/lens_2717.png,1,1.773437385350935
data_5/lens_png/lens_2718.png,1,4.288422265002308
data_5/lens_png/lens_2719.png,1,2.702608952538679
data_5/lens_png/lens_2720.png,1,3.036981064888471
data_5/lens_png/lens_2721.png,1,1.5816320694283497
data_5/lens_png/lens_2722.png,1,2.35272367356623
data_5/lens_png/lens_2723.png,1,0.7290364464737501
data_5/lens_png/lens_2724.png,1,3.3260392938281758
data_5/lens_png/lens_2725.png,1,1.245106634895055
data_5/lens_png/lens_2726.png,1,4.27319147399893
data_5/lens_png/lens_2727.png,1,1.2734375817421444
data_5/lens_png/lens_2728.png,1,0.699033694598107
data_5/lens_png/lens_2729.png,1,3.849811536600959
data_5/lens_png/lens_2730.png,1,3.016472517362362
data_5/lens_png/lens_2731.png,1,0.6004679679396749
data_5/lens_png/lens_2732.png,1,3.956474007107688
data_5/lens_png/lens_2733.png,1,3.8854855540770847
data_5/lens_png/lens_2734.png,1,4.838552618717461
data_5/lens_png/lens_2735.png,1,3.104764609067965
data_5/lens_png/lens_2736.png,1,2.8393716571257213
data_5/lens_png/lens_2737.png,1,2.1983537506135296
data_5/lens_png/lens_2738.png,1,4.156303877693957
data_5/lens_png/lens_2739.png,1,0.7804902685226043
data_5/lens_png/lens_2740.png,1,4.192733018082261
data_5/lens_png/lens_2741.png,1,1.3590491728941485
data_5/lens_png/lens_2742.png,1,3.8300520871129273
data_5/lens_png/lens_2743.png,1,0.7196186489371696
data_5/lens_png/lens_2744.png,1,1.303914292371879
data_5/lens_png/lens_2745.png,1,3.5470142111628857
data_5/lens_png/lens_2746.png,1,2.8033813948179356
data_5/lens_png/lens_2747.png,1,3.230715649866773
data_5/lens_png/lens_2748.png,1,2.16820609964154
data_5/lens_png/lens_2749.png,1,4.561153435341112
data_5/lens_png/lens_2750.png,1,2.145892249186204
data_5/lens_png/lens_2751.png,1,4.772719772272349
data_5/lens_png/lens_2752.png,1,0.3332494098491416
data_5/lens_png/lens_2753.png,1,2.9014559308125216
data_5/lens_png/lens_2754.png,1,4.211648488150212
data_5/lens_png/lens_2755.png,1,4.260640105762985
data_5/lens_png/lens_2756.png,1,1.8995742476047128
data_5/lens_png/lens_2757.png,1,1.2966476598473549
data_5/lens_png/lens_2758.png,1,3.234223506708432
data_5/lens_png/lens_2759.png,1,1.9617383634666195
data_5/lens_png/lens_2760.png,1,3.5471962075213055
data_5/lens_png/lens_2761.png,1,1.208359614156497
data_5/lens_png/lens_2762.png,1,3.353553040017913
data_5/lens_png/lens_2763.png,1,1.9526565872501014
data_5/lens_png/lens_2764.png,1,3.551571112526078
data_5/lens_png/lens_2765.png,1,3.060243721288243
data_5/lens_png/lens_2766.png,1,2.5246090117673896
data_5/lens_png/lens_2767.png,1,2.5188813294280177
data_5/lens_png/lens_2768.png,1,4.566050811655375
data_5/lens_png/lens_2769.png,1,4.383400363443403
data_5/lens_png/lens_2770.png,1,3.442611604939711
data_5/lens_png/lens_2771.png,1,2.061680329590244
data_5/lens_png/lens_2772.png,1,2.520855818248643
data_5/lens_png/lens_2773.png,1,1.1789342825914175
data_5/lens_png/lens_2774.png,1,4.548268798671052
data_5/lens_png/lens_2775.png,1,3.384824249343583
data_5/lens_png/lens_2776.png,1,1.7918594877475604
data_5/lens_png/lens_2777.png,1,4.458231614822275
data_5/lens_png/lens_2778.png,1,2.6081347285192176
data_5/lens_png/lens_2779.png,1,1.6643480788575986
data_5/lens_png/lens_2780.png,1,0.7544236098197408
data_5/lens_png/lens_2781.png,1,1.5159919234324415
data_5/lens_png/lens_2782.png,1,4.330117312139019
data_5/lens_png/lens_2783.png,1,1.193839484255801
data_5/lens_png/lens_2784.png,1,1.050269806168654
data_5/lens_png/lens_2785.png,1,2.8174723954267633
data_5/lens_png/lens_2786.png,1,4.02136921233095
data_5/lens_png/lens_2787.png,1,0.5877449008706923
data_5/lens_png/lens_2788.png,1,0.83034588749035
data_5/lens_png/lens_2789.png,1,0.7774318578420503
data_5/lens_png/lens_2790.png,1,3.9502434383982883
data_5/lens_png/lens_2791.png,1,0.3836328111173765
data_5/lens_png/lens_2792.png,1,3.556955656743956
data_5/lens_png/lens_2793.png,1,2.1544699197789776
data_5/lens_png/lens_2794.png,1,4.435674570923744
data_5/lens_png/lens_2795.png,1,2.051148609321838
data_5/lens_png/lens_2796.png,1,2.287919554150338
data_5/lens_png/lens_2797.png,1,3.628665025507303
data_5/lens_png/lens_2798.png,1,1.5423249085763497
data_5/lens_png/lens_2799.png,1,2.225380901372571
data_5/lens_png/lens_2800.png,1,0.7945508956538727
data_5/lens_png/lens_2801.png,1,0.5818103506739115
data_5/lens_png/lens_2802.png,1,3.481524617130198
data_5/lens_png/lens_2803.png,1,2.1262595050355304
data_5/lens_png/lens_2804.png,1,1.0726687505701882
data_5/lens_png/lens_2805.png,1,0.32968061915901387
data_5/lens_png/lens_2806.png,1,1.047922159946543
data_5/lens_png/lens_2807.png,1,0.6800588088549224
data_5/lens_png/lens_2808.png,1,2.9877081559523986
data_5/lens_png/lens_2809.png,1,2.827622951445198
data_5/lens_png/lens_2810.png,1,4.756883231684177
data_5/lens_png/lens_2811.png,1,2.3635766443348833
data_5/lens_png/lens_2812.png,1,2.527560403887255
data_5/lens_png/lens_2813.png,1,4.8178914876543795
data_5/lens_png/lens_2814.png,1,3.171472244822618
data_5/lens_png/lens_2815.png,1,2.6324098581966497
data_5/lens_png/lens_2816.png,1,3.954255294501408
data_5/lens_png/lens_2817.png,1,0.7572111586778778
data_5/lens_png/lens_2818.png,1,2.754497068651273
data_5/lens_png/lens_2819.png,1,4.224661011439235
data_5/lens_png/lens_2820.png,1,0.6766121028402294
data_5/lens_png/lens_2821.png,1,0.7558873346350692
data_5/lens_png/lens_2822.png,1,3.074777193538744
data_5/lens_png/lens_2823.png,1,0.807288909667349
data_5/lens_png/lens_2824.png,1,2.0585214145504356
data_5/lens_png/lens_2825.png,1,1.6213512669230654
data_5/lens_png/lens_2826.png,1,0.9029860752344299
data_5/lens_png/lens_2827.png,1,4.025604680252354
data_5/lens_png/lens_2828.png,1,0.8081621178449439
data_5/lens_png/lens_2829.png,1,4.779366677102799
data_5/lens_png/lens_2830.png,1,2.43414528186083
data_5/lens_png/lens_2831.png,1,4.681897585495009
data_5/lens_png/lens_2832.png,1,2.8022765925048345
data_5/lens_png/lens_2833.png,1,0.784177269000807
data_5/lens_png/lens_2834.png,1,2.473250847538735
data_5/lens_png/lens_2835.png,1,1.5200380433680698
data_5/lens_png/lens_2836.png,1,4.483398944425122
data_5/lens_png/lens_2837.png,1,3.008020761735575
data_5/lens_png/lens_2838.png,1,4.692217411090597
data_5/lens_png/lens_2839.png,1,3.046143737754451
data_5/lens_png/lens_2840.png,1,2.433064989393523
data_5/lens_png/lens_2841.png,1,1.281968968457303
data_5/lens_png/lens_2842.png,1,2.4864381479999236
data_5/lens_png/lens_2843.png,1,0.9755029379035565
data_5/lens_png/lens_2844.png,1,2.8815781957853353
data_5/lens_png/lens_2845.png,1,4.618385019346448
data_5/lens_png/lens_2846.png,1,3.1168496954385674
data_5/lens_png/lens_2847.png,1,3.844839310530262
data_5/lens_png/lens_2848.png,1,2.153448211555529
data_5/lens_png/lens_2849.png,1,2.624301508433343
data_5/lens_png/lens_2850.png,1,4.17368964112435
data_5/lens_png/lens_2851.png,1,2.32692231199946
data_5/lens_png/lens_2852.png,1,4.140049905795792
data_5/lens_png/lens_2853.png,1,2.1359976492789663
data_5/lens_png/lens_2854.png,1,2.5355624202233757
data_5/lens_png/lens_2855.png,1,1.3921025419345596
data_5/lens_png/lens_2856.png,1,1.1187388705742984
data_5/lens_png/lens_2857.png,1,1.3510196363364886
data_5/lens_png/lens_2858.png,1,2.543185840859128
data_5/lens_png/lens_2859.png,1,1.0303478287336347
data_5/lens_png/lens_2860.png,1,0.48976501062112954
data_5/lens_png/lens_2861.png,1,4.103259451944421
data_5/lens_png/lens_2862.png,1,2.9690347803694754
data_5/lens_png/lens_2863.png,1,0.7951177748486129
data_5/lens_png/lens_2864.png,1,4.262922125630912
data_5/lens_png/lens_2865.png,1,1.01325010111481
data_5/lens_png/lens_2866.png,1,2.12348190676027
data_5/lens_png/lens_2867.png,1,3.389464126777775
data_5/lens_png/lens_2868.png,1,2.443563094040419
data_5/lens_png/lens_2869.png,1,4.640830136458893
data_5/lens_png/lens_2870.png,1,4.006705391127375
data_5/lens_png/lens_2871.png,1,1.4289778768670782
data_5/lens_png/lens_2872.png,1,1.5357228602784117
data_5/lens_png/lens_2873.png,1,3.5850488244195247
data_5/lens_png/lens_2874.png,1,3.0522224068167567
data_5/lens_png/lens_2875.png,1,3.827341629556933
data_5/lens_png/lens_2876.png,1,1.5716641410111143
data_5/lens_png/lens_2877.png,1,0.5113096927190719
data_5/lens_png/lens_2878.png,1,3.840322605356448
data_5/lens_png/lens_2879.png,1,4.481586107200122
data_5/lens_png/lens_2880.png,1,4.515792343542837
data_5/lens_png/lens_2881.png,1,3.4074755383529145
data_5/lens_png/lens_2882.png,1,1.5779339486013186
data_5/lens_png/lens_2883.png,1,1.652751737530131
data_5/lens_png/lens_2884.png,1,4.403609364570487
data_5/lens_png/lens_2885.png,1,3.3641167538233825
data_5/lens_png/lens_2886.png,1,1.956774774544745
data_5/lens_png/lens_2887.png,1,4.330411786489363
data_5/lens_png/lens_2888.png,1,3.9703386957759865
data_5/lens_png/lens_2889.png,1,1.0284091726762767
data_5/lens_png/lens_2890.png,1,1.1679026451975265
data_5/lens_png/lens_2891.png,1,2.0564989490431502
data_5/lens_png/lens_2892.png,1,3.329639130128893
data_5/lens_png/lens_2893.png,1,1.883683423820744
data_5/lens_png/lens_2894.png,1,4.083589969143139
data_5/lens_png/lens_2895.png,1,0.36227503335022315
data_5/lens_png/lens_2896.png,1,0.3665415112352482
data_5/lens_png/lens_2897.png,1,2.3997276945401644
data_5/lens_png/lens_2898.png,1,3.619056781390402
data_5/lens_png/lens_2899.png,1,3.336933207086055
data_5/lens_png/lens_2900.png,1,1.0809754848351731
data_5/lens_png/lens_2901.png,1,0.6808042517656132
data_5/lens_png/lens_2902.png,1,4.349852108818864
data_5/lens_png/lens_2903.png,1,3.604048266700412
data_5/lens_png/lens_2904.png,1,2.5544398548349196
data_5/lens_png/lens_2905.png,1,2.116239459999791
data_5/lens_png/lens_2906.png,1,4.303014672020704
data_5/lens_png/lens_2907.png,1,2.009709645391747
data_5/lens_png/lens_2908.png,1,0.8571428110842436
data_5/lens_png/lens_2909.png,1,0.8447763037998668
data_5/lens_png/lens_2910.png,1,4.633506226030314
data_5/lens_png/lens_2911.png,1,4.74944431961033
data_5/lens_png/lens_2912.png,1,0.46239305217029336
data_5/lens_png/lens_2913.png,1,3.674869545153699
data_5/lens_png/lens_2914.png,1,1.4937185958424934
data_5/lens_png/lens_2915.png,1,1.045236683741625
data_5/lens_png/lens_2916.png,1,2.2760930586242734
data_5/lens_png/lens_2917.png,1,4.959628091983527
data_5/lens_png/lens_2918.png,1,4.754212445796689
data_5/lens_png/lens_2919.png,1,1.294495342959957
data_5/lens_png/lens_2920.png,1,1.3266672517807472
data_5/lens_png/lens_2921.png,1,3.5619859976003405
data_5/lens_png/lens_2922.png,1,1.0362149165382788
data_5/lens_png/lens_2923.png,1,2.9314420700608212
data_5/lens_png/lens_2924.png,1,4.106297257579118
data_5/lens_png/lens_2925.png,1,2.04284053831836
data_5/lens_png/lens_2926.png,1,4.681282734581019
data_5/lens_png/lens_2927.png,1,1.0758384178887983
data_5/lens_png/lens_2928.png,1,3.7031034161046916
data_5/lens_png/lens_2929.png,1,0.3226807370629464
data_5/lens_png/lens_2930.png,1,4.182662031682838
data_5/lens_png/lens_2931.png,1,1.2989002292809555
data_5/lens_png/lens_2932.png,1,1.5400229214452854
data_5/lens_png/lens_2933.png,1,3.877636536945304
data_5/lens_png/lens_2934.png,1,1.203896580029531
data_5/lens_png/lens_2935.png,1,4.278222192057666
data_5/lens_png/lens_2936.png,1,1.8873079146585585
data_5/lens_png/lens_2937.png,1,0.801323024713642
data_5/lens_png/lens_2938.png,1,1.9054866463022122
data_5/lens_png/lens_2939.png,1,4.7418531417678
data_5/lens_png/lens_2940.png,1,2.830782307853569
data_5/lens_png/lens_2941.png,1,3.0553039054659976
data_5/lens_png/lens_2942.png,1,1.2083669877192094
data_5/lens_png/lens_2943.png,1,1.209975368983091
data_5/lens_png/lens_2944.png,1,0.8092243170392202
data_5/lens_png/lens_2945.png,1,2.325912546996463
data_5/lens_png/lens_2946.png,1,3.150086964007851
data_5/lens_png/lens_2947.png,1,1.1064620519020216
data_5/lens_png/lens_2948.png,1,1.4138825964282529
data_5/lens_png/lens_2949.png,1,0.9393798893002645
data_5/lens_png/lens_2950.png,1,0.7901575340518276
data_5/lens_png/lens_2951.png,1,3.6741671938003004
data_5/lens_png/lens_2952.png,1,3.0981120557712902
data_5/lens_png/lens_2953.png,1,1.1778656638875808
data_5/lens_png/lens_2954.png,1,2.2910386117014454
data_5/lens_png/lens_2955.png,1,3.4503065700871227
data_5/lens_png/lens_2956.png,1,1.751140216735031
data_5/lens_png/lens_2957.png,1,3.546699107127706
data_5/lens_png/lens_2958.png,1,1.6758191541332947
data_5/lens_png/lens_2959.png,1,2.540807268685666
data_5/lens_png/lens_2960.png,1,3.60260772264684
data_5/lens_png/lens_2961.png,1,4.395681601352672
data_5/lens_png/lens_2962.png,1,1.2681986842379045
data_5/lens_png/lens_2963.png,1,1.0082313891784374
data_5/lens_png/lens_2964.png,1,2.630499292269165
data_5/lens_png/lens_2965.png,1,3.6311704032608807
data_5/lens_png/lens_2966.png,1,0.6568065795475491
data_5/lens_png/lens_2967.png,1,1.661678071329232
data_5/lens_png/lens_2968.png,1,1.2368198778218455
data_5/lens_png/lens_2969.png,1,0.6581219132241064
data_5/lens_png/lens_2970.png,1,0.6579420027683371
data_5/lens_png/lens_2971.png,1,2.3228657985138694
data_5/lens_png/lens_2972.png,1,3.251116292306454
data_5/lens_png/lens_2973.png,1,4.419878459907636
data_5/lens_png/lens_2974.png,1,4.364945989880075
data_5/lens_png/lens_2975.png,1,2.2466903192849976
data_5/lens_png/lens_2976.png,1,0.3450647906116398
data_5/lens_png/lens_2977.png,1,3.9118244824781536
data_5/lens_png/lens_2978.png,1,2.499275810602897
data_5/lens_png/lens_2979.png,1,0.4906787985285728
data_5/lens_png/lens_2980.png,1,3.7774043704594287
data_5/lens_png/lens_2981.png,1,3.3567642291001185
data_5/lens_png/lens_2982.png,1,4.077474148276403
data_5/lens_png/lens_2983.png,1,4.457572203624193
data_5/lens_png/lens_2984.png,1,0.5937842837413947
data_5/lens_png/lens_2985.png,1,1.492905413830904
data_5/lens_png/lens_2986.png,1,4.739720031999151
data_5/lens_png/lens_2987.png,1,2.8448908964282866
data_5/lens_png/lens_2988.png,1,2.3835098428428076
data_5/lens_png/lens_2989.png,1,0.3513927445046363
data_5/lens_png/lens_2990.png,1,4.476282122690862
data_5/lens_png/lens_2991.png,1,4.918084407139845
data_5/lens_png/lens_2992.png,1,0.8170132975503703
data_5/lens_png/lens_2993.png,1,1.2645472860233469
data_5/lens_png/lens_2994.png,1,3.70348957990173
data_5/lens_png/lens_2995.png,1,3.638779606548558
data_5/lens_png/lens_2996.png,1,0.8768524836602816
data_5/lens_png/lens_2997.png,1,4.621998251075038
data_5/lens_png/lens_2998.png,1,4.950081472970665
data_5/lens_png/lens_2999.png,1,4.641951439766922
data_5/nonlens_png/nonlens_3000.png,0,
data_5/nonlens_png/nonlens_3001.png,0,
data_5/nonlens_png/nonlens_3002.png,0,
data_5/nonlens_png/nonlens_3003.png,0,
data_5/nonlens_png/nonlens_3004.png,0,
data_5/nonlens_png/nonlens_3005.png,0,
data_5/nonlens_png/nonlens_3006.png,0,
data_5/nonlens_png/nonlens_3007.png,0,
data_5/nonlens_png/nonlens_3008.png,0,
data_5/nonlens_png/nonlens_3009.png,0,
data_5/nonlens_png/nonlens_3010.png,0,
data_5/nonlens_png/nonlens_3011.png,0,
data_5/nonlens_png/nonlens_3012.png,0,
data_5/nonlens_png/nonlens_3013.png,0,
data_5/nonlens_png/nonlens_3014.png,0,
data_5/nonlens_png/nonlens_3015.png,0,
data_5/nonlens_png/nonlens_3016.png,0,
data_5/nonlens_png/nonlens_3017.png,0,
data_5/nonlens_png/nonlens_3018.png,0,
data_5/nonlens_png/nonlens_3019.png,0,
data_5/nonlens_png/nonlens_3020.png,0,
data_5/nonlens_png/nonlens_3021.png,0,
data_5/nonlens_png/nonlens_3022.png,0,
data_5/nonlens_png/nonlens_3023.png,0,
data_5/nonlens_png/nonlens_3024.png,0,
data_5/nonlens_png/nonlens_3025.png,0,
data_5/nonlens_png/nonlens_3026.png,0,
data_5/nonlens_png/nonlens_3027.png,0,
data_5/nonlens_png/nonlens_3028.png,0,
data_5/nonlens_png/nonlens_3029.png,0,
data_5/nonlens_png/nonlens_3030.png,0,
data_5/nonlens_png/nonlens_3031.png,0,
data_5/nonlens_png/nonlens_3032.png,0,
data_5/nonlens_png/nonlens_3033.png,0,
data_5/nonlens_png/nonlens_3034.png,0,
data_5/nonlens_png/nonlens_3035.png,0,
data_5/nonlens_png/nonlens_3036.png,0,
data_5/nonlens_png/nonlens_3037.png,0,
data_5/nonlens_png/nonlens_3038.png,0,
data_5/nonlens_png/nonlens_3039.png,0,
data_5/nonlens_png/nonlens_3040.png,0,
data_5/nonlens_png/nonlens_3041.png,0,
data_5/nonlens_png/nonlens_3042.png,0,
data_5/nonlens_png/nonlens_3043.png,0,
data_5/nonlens_png/nonlens_3044.png,0,
data_5/nonlens_png/nonlens_3045.png,0,
data_5/nonlens_png/nonlens_3046.png,0,
data_5/nonlens_png/nonlens_3047.png,0,
data_5/nonlens_png/nonlens_3048.png,0,
data_5/nonlens_png/nonlens_3049.png,0,
data_5/nonlens_png/nonlens_3050.png,0,
data_5/nonlens_png/nonlens_3051.png,0,
data_5/nonlens_png/nonlens_3052.png,0,
data_5/nonlens_png/nonlens_3053.png,0,
data_5/nonlens_png/nonlens_3054.png,0,
data_5/nonlens_png/nonlens_3055.png,0,
data_5/nonlens_png/nonlens_3056.png,0,
data_5/nonlens_png/nonlens_3057.png,0,
data_5/nonlens_png/nonlens_3058.png,0,
data_5/nonlens_png/nonlens_3059.png,0,
data_5/nonlens_png/nonlens_3060.png,0,
data_5/nonlens_png/nonlens_3061.png,0,
data_5/nonlens_png/nonlens_3062.png,0,
data_5/nonlens_png/nonlens_3063.png,0,
data_5/nonlens_png/nonlens_3064.png,0,
data_5/nonlens_png/nonlens_3065.png,0,
data_5/nonlens_png/nonlens_3066.png,0,
data_5/nonlens_png/nonlens_3067.png,0,
data_5/nonlens_png/nonlens_3068.png,0,
data_5/nonlens_png/nonlens_3069.png,0,
data_5/nonlens_png/nonlens_3070.png,0,
data_5/nonlens_png/nonlens_3071.png,0,
data_5/nonlens_png/nonlens_3072.png,0,
data_5/nonlens_png/nonlens_3073.png,0,
data_5/nonlens_png/nonlens_3074.png,0,
data_5/nonlens_png/nonlens_3075.png,0,
data_5/nonlens_png/nonlens_3076.png,0,
data_5/nonlens_png/nonlens_3077.png,0,
data_5/nonlens_png/nonlens_3078.png,0,
data_5/nonlens_png/nonlens_3079.png,0,
data_5/nonlens_png/nonlens_3080.png,0,
data_5/nonlens_png/nonlens_3081.png,0,
data_5/nonlens_png/nonlens_3082.png,0,
data_5/nonlens_png/nonlens_3083.png,0,
data_5/nonlens_png/nonlens_3084.png,0,
data_5/nonlens_png/nonlens_3085.png,0,
data_5/nonlens_png/nonlens_3086.png,0,
data_5/nonlens_png/nonlens_3087.png,0,
data_5/nonlens_png/nonlens_3088.png,0,
data_5/nonlens_png/nonlens_3089.png,0,
data_5/nonlens_png/nonlens_3090.png,0,
data_5/nonlens_png/nonlens_3091.png,0,
data_5/nonlens_png/nonlens_3092.png,0,
data_5/nonlens_png/nonlens_3093.png,0,
data_5/nonlens_png/nonlens_3094.png,0,
data_5/nonlens_png/nonlens_3095.png,0,
data_5/nonlens_png/nonlens_3096.png,0,
data_5/nonlens_png/nonlens_3097.png,0,
data_5/nonlens_png/nonlens_3098.png,0,
data_5/nonlens_png/nonlens_3099.png,0,
data_5/nonlens_png/nonlens_3100.png,0,
data_5/nonlens_png/nonlens_3101.png,0,
data_5/nonlens_png/nonlens_3102.png,0,
data_5/nonlens_png/nonlens_3103.png,0,
data_5/nonlens_png/nonlens_3104.png,0,
data_5/nonlens_png/nonlens_3105.png,0,
data_5/nonlens_png/nonlens_3106.png,0,
data_5/nonlens_png/nonlens_3107.png,0,
data_5/nonlens_png/nonlens_3108.png,0,
data_5/nonlens_png/nonlens_3109.png,0,
data_5/nonlens_png/nonlens_3110.png,0,
data_5/nonlens_png/nonlens_3111.png,0,
data_5/nonlens_png/nonlens_3112.png,0,
data_5/nonlens_png/nonlens_3113.png,0,
data_5/nonlens_png/nonlens_3114.png,0,
data_5/nonlens_png/nonlens_3115.png,0,
data_5/nonlens_png/nonlens_3116.png,0,
data_5/nonlens_png/nonlens_3117.png,0,
data_5/nonlens_png/nonlens_3118.png,0,
data_5/nonlens_png/nonlens_3119.png,0,
data_5/nonlens_png/nonlens_3120.png,0,
data_5/nonlens_png/nonlens_3121.png,0,
data_5/nonlens_png/nonlens_3122.png,0,
data_5/nonlens_png/nonlens_3123.png,0,
data_5/nonlens_png/nonlens_3124.png,0,
data_5/nonlens_png/nonlens_3125.png,0,
data_5/nonlens_png/nonlens_3126.png,0,
data_5/nonlens_png/nonlens_3127.png,0,
data_5/nonlens_png/nonlens_3128.png,0,
data_5/nonlens_png/nonlens_3129.png,0,
data_5/nonlens_png/nonlens_3130.png,0,
data_5/nonlens_png/nonlens_3131.png,0,
data_5/nonlens_png/nonlens_3132.png,0,
data_5/nonlens_png/nonlens_3133.png,0,
data_5/nonlens_png/nonlens_3134.png,0,
data_5/nonlens_png/nonlens_3135.png,0,
data_5/nonlens_png/nonlens_3136.png,0,
data_5/nonlens_png/nonlens_3137.png,0,
data_5/nonlens_png/nonlens_3138.png,0,
data_5/nonlens_png/nonlens_3139.png,0,
data_5/nonlens_png/nonlens_3140.png,0,
data_5/nonlens_png/nonlens_3141.png,0,
data_5/nonlens_png/nonlens_3142.png,0,
data_5/nonlens_png/nonlens_3143.png,0,
data_5/nonlens_png/nonlens_3144.png,0,
data_5/nonlens_png/nonlens_3145.png,0,
data_5/nonlens_png/nonlens_3146.png,0,
data_5/nonlens_png/nonlens_3147.png,0,
data_5/nonlens_png/nonlens_3148.png,0,
data_5/nonlens_png/nonlens_3149.png,0,
data_5/nonlens_png/nonlens_3150.png,0,
data_5/nonlens_png/nonlens_3151.png,0,
data_5/nonlens_png/nonlens_3152.png,0,
data_5/nonlens_png/nonlens_3153.png,0,
data_5/nonlens_png/nonlens_3154.png,0,
data_5/nonlens_png/nonlens_3155.png,0,
data_5/nonlens_png/nonlens_3156.png,0,
data_5/nonlens_png/nonlens_3157.png,0,
data_5/nonlens_png/nonlens_3158.png,0,
data_5/nonlens_png/nonlens_3159.png,0,
data_5/nonlens_png/nonlens_3160.png,0,
data_5/nonlens_png/nonlens_3161.png,0,
data_5/nonlens_png/nonlens_3162.png,0,
data_5/nonlens_png/nonlens_3163.png,0,
data_5/nonlens_png/nonlens_3164.png,0,
data_5/nonlens_png/nonlens_3165.png,0,
data_5/nonlens_png/nonlens_3166.png,0,
data_5/nonlens_png/nonlens_3167.png,0,
data_5/nonlens_png/nonlens_3168.png,0,
data_5/nonlens_png/nonlens_3169.png,0,
data_5/nonlens_png/nonlens_3170.png,0,
data_5/nonlens_png/nonlens_3171.png,0,
data_5/nonlens_png/nonlens_3172.png,0,
data_5/nonlens_png/nonlens_3173.png,0,
data_5/nonlens_png/nonlens_3174.png,0,
data_5/nonlens_png/nonlens_3175.png,0,
data_5/nonlens_png/nonlens_3176.png,0,
data_5/nonlens_png/nonlens_3177.png,0,
data_5/nonlens_png/nonlens_3178.png,0,
data_5/nonlens_png/nonlens_3179.png,0,
data_5/nonlens_png/nonlens_3180.png,0,
data_5/nonlens_png/nonlens_3181.png,0,
data_5/nonlens_png/nonlens_3182.png,0,
data_5/nonlens_png/nonlens_3183.png,0,
data_5/nonlens_png/nonlens_3184.png,0,
data_5/nonlens_png/nonlens_3185.png,0,
data_5/nonlens_png/nonlens_3186.png,0,
data_5/nonlens_png/nonlens_3187.png,0,
data_5/nonlens_png/nonlens_3188.png,0,
data_5/nonlens_png/nonlens_3189.png,0,
data_5/nonlens_png/nonlens_3190.png,0,
data_5/nonlens_png/nonlens_3191.png,0,
data_5/nonlens_png/nonlens_3192.png,0,
data_5/nonlens_png/nonlens_3193.png,0,
data_5/nonlens_png/nonlens_3194.png,0,
data_5/nonlens_png/nonlens_3195.png,0,
data_5/nonlens_png/nonlens_3196.png,0,
data_5/nonlens_png/nonlens_3197.png,0,
data_5/nonlens_png/nonlens_3198.png,0,
data_5/nonlens_png/nonlens_3199.png,0,
data_5/nonlens_png/nonlens_3200.png,0,
data_5/nonlens_png/nonlens_3201.png,0,
data_5/nonlens_png/nonlens_3202.png,0,
data_5/nonlens_png/nonlens_3203.png,0,
data_5/nonlens_png/nonlens_3204.png,0,
data_5/nonlens_png/nonlens_3205.png,0,
data_5/nonlens_png/nonlens_3206.png,0,
data_5/nonlens_png/nonlens_3207.png,0,
data_5/nonlens_png/nonlens_3208.png,0,
data_5/nonlens_png/nonlens_3209.png,0,
data_5/nonlens_png/nonlens_3210.png,0,
data_5/nonlens_png/nonlens_3211.png,0,
data_5/nonlens_png/nonlens_3212.png,0,
data_5/nonlens_png/nonlens_3213.png,0,
data_5/nonlens_png/nonlens_3214.png,0,
data_5/nonlens_png/nonlens_3215.png,0,
data_5/nonlens_png/nonlens_3216.png,0,
data_5/nonlens_png/nonlens_3217.png,0,
data_5/nonlens_png/nonlens_3218.png,0,
data_5/nonlens_png/nonlens_3219.png,0,
data_5/nonlens_png/nonlens_3220.png,0,
data_5/nonlens_png/nonlens_3221.png,0,
data_5/nonlens_png/nonlens_3222.png,0,
data_5/nonlens_png/nonlens_3223.png,0,
data_5/nonlens_png/nonlens_3224.png,0,
data_5/nonlens_png/nonlens_3225.png,0,
data_5/nonlens_png/nonlens_3226.png,0,
data_5/nonlens_png/nonlens_3227.png,0,
data_5/nonlens_png/nonlens_3228.png,0,
data_5/nonlens_png/nonlens_3229.png,0,
data_5/nonlens_png/nonlens_3230.png,0,
data_5/nonlens_png/nonlens_3231.png,0,
data_5/nonlens_png/nonlens_3232.png,0,
data_5/nonlens_png/nonlens_3233.png,0,
data_5/nonlens_png/nonlens_3234.png,0,
data_5/nonlens_png/nonlens_3235.png,0,
data_5/nonlens_png/nonlens_3236.png,0,
data_5/nonlens_png/nonlens_3237.png,0,
data_5/nonlens_png/nonlens_3238.png,0,
data_5/nonlens_png/nonlens_3239.png,0,
data_5/nonlens_png/nonlens_3240.png,0,
data_5/nonlens_png/nonlens_3241.png,0,
data_5/nonlens_png/nonlens_3242.png,0,
data_5/nonlens_png/nonlens_3243.png,0,
data_5/nonlens_png/nonlens_3244.png,0,
data_5/nonlens_png/nonlens_3245.png,0,
data_5/nonlens_png/nonlens_3246.png,0,
data_5/nonlens_png/nonlens_3247.png,0,
data_5/nonlens_png/nonlens_3248.png,0,
data_5/nonlens_png/nonlens_3249.png,0,
data_5/nonlens_png/nonlens_3250.png,0,
data_5/nonlens_png/nonlens_3251.png,0,
data_5/nonlens_png/nonlens_3252.png,0,
data_5/nonlens_png/nonlens_3253.png,0,
data_5/nonlens_png/nonlens_3254.png,0,
data_5/nonlens_png/nonlens_3255.png,0,
data_5/nonlens_png/nonlens_3256.png,0,
data_5/nonlens_png/nonlens_3257.png,0,
data_5/nonlens_png/nonlens_3258.png,0,
data_5/nonlens_png/nonlens_3259.png,0,
data_5/nonlens_png/nonlens_3260.png,0,
data_5/nonlens_png/nonlens_3261.png,0,
data_5/nonlens_png/nonlens_3262.png,0,
data_5/nonlens_png/nonlens_3263.png,0,
data_5/nonlens_png/nonlens_3264.png,0,
data_5/nonlens_png/nonlens_3265.png,0,
data_5/nonlens_png/nonlens_3266.png,0,
data_5/nonlens_png/nonlens_3267.png,0,
data_5/nonlens_png/nonlens_3268.png,0,
data_5/nonlens_png/nonlens_3269.png,0,
data_5/nonlens_png/nonlens_3270.png,0,
data_5/nonlens_png/nonlens_3271.png,0,
data_5/nonlens_png/nonlens_3272.png,0,
data_5/nonlens_png/nonlens_3273.png,0,
data_5/nonlens_png/nonlens_3274.png,0,
data_5/nonlens_png/nonlens_3275.png,0,
data_5/nonlens_png/nonlens_3276.png,0,
data_5/nonlens_png/nonlens_3277.png,0,
data_5/nonlens_png/nonlens_3278.png,0,
data_5/nonlens_png/nonlens_3279.png,0,
data_5/nonlens_png/nonlens_3280.png,0,
data_5/nonlens_png/nonlens_3281.png,0,
data_5/nonlens_png/nonlens_3282.png,0,
data_5/nonlens_png/nonlens_3283.png,0,
data_5/nonlens_png/nonlens_3284.png,0,
data_5/nonlens_png/nonlens_3285.png,0,
data_5/nonlens_png/nonlens_3286.png,0,
data_5/nonlens_png/nonlens_3287.png,0,
data_5/nonlens_png/nonlens_3288.png,0,
data_5/nonlens_png/nonlens_3289.png,0,
data_5/nonlens_png/nonlens_3290.png,0,
data_5/nonlens_png/nonlens_3291.png,0,
data_5/nonlens_png/nonlens_3292.png,0,
data_5/nonlens_png/nonlens_3293.png,0,
data_5/nonlens_png/nonlens_3294.png,0,
data_5/nonlens_png/nonlens_3295.png,0,
data_5/nonlens_png/nonlens_3296.png,0,
data_5/nonlens_png/nonlens_3297.png,0,
data_5/nonlens_png/nonlens_3298.png,0,
data_5/nonlens_png/nonlens_3299.png,0,
data_5/nonlens_png/nonlens_3300.png,0,
data_5/nonlens_png/nonlens_3301.png,0,
data_5/nonlens_png/nonlens_3302.png,0,
data_5/nonlens_png/nonlens_3303.png,0,
data_5/nonlens_png/nonlens_3304.png,0,
data_5/nonlens_png/nonlens_3305.png,0,
data_5/nonlens_png/nonlens_3306.png,0,
data_5/nonlens_png/nonlens_3307.png,0,
data_5/nonlens_png/nonlens_3308.png,0,
data_5/nonlens_png/nonlens_3309.png,0,
data_5/nonlens_png/nonlens_3310.png,0,
data_5/nonlens_png/nonlens_3311.png,0,
data_5/nonlens_png/nonlens_3312.png,0,
data_5/nonlens_png/nonlens_3313.png,0,
data_5/nonlens_png/nonlens_3314.png,0,
data_5/nonlens_png/nonlens_3315.png,0,
data_5/nonlens_png/nonlens_3316.png,0,
data_5/nonlens_png/nonlens_3317.png,0,
data_5/nonlens_png/nonlens_3318.png,0,
data_5/nonlens_png/nonlens_3319.png,0,
data_5/nonlens_png/nonlens_3320.png,0,
data_5/nonlens_png/nonlens_3321.png,0,
data_5/nonlens_png/nonlens_3322.png,0,
data_5/nonlens_png/nonlens_3323.png,0,
data_5/nonlens_png/nonlens_3324.png,0,
data_5/nonlens_png/nonlens_3325.png,0,
data_5/nonlens_png/nonlens_3326.png,0,
data_5/nonlens_png/nonlens_3327.png,0,
data_5/nonlens_png/nonlens_3328.png,0,
data_5/nonlens_png/nonlens_3329.png,0,
data_5/nonlens_png/nonlens_3330.png,0,
data_5/nonlens_png/nonlens_3331.png,0,
data_5/nonlens_png/nonlens_3332.png,0,
data_5/nonlens_png/nonlens_3333.png,0,
data_5/nonlens_png/nonlens_3334.png,0,
data_5/nonlens_png/nonlens_3335.png,0,
data_5/nonlens_png/nonlens_3336.png,0,
data_5/nonlens_png/nonlens_3337.png,0,
data_5/nonlens_png/nonlens_3338.png,0,
data_5/nonlens_png/nonlens_3339.png,0,
data_5/nonlens_png/nonlens_3340.png,0,
data_5/nonlens_png/nonlens_3341.png,0,
data_5/nonlens_png/nonlens_3342.png,0,
data_5/nonlens_png/nonlens_3343.png,0,
data_5/nonlens_png/nonlens_3344.png,0,
data_5/nonlens_png/nonlens_3345.png,0,
data_5/nonlens_png/nonlens_3346.png,0,
data_5/nonlens_png/nonlens_3347.png,0,
data_5/nonlens_png/nonlens_3348.png,0,
data_5/nonlens_png/nonlens_3349.png,0,
data_5/nonlens_png/nonlens_3350.png,0,
data_5/nonlens_png/nonlens_3351.png,0,
data_5/nonlens_png/nonlens_3352.png,0,
data_5/nonlens_png/nonlens_3353.png,0,
data_5/nonlens_png/nonlens_3354.png,0,
data_5/nonlens_png/nonlens_3355.png,0,
data_5/nonlens_png/nonlens_3356.png,0,
data_5/nonlens_png/nonlens_3357.png,0,
data_5/nonlens_png/nonlens_3358.png,0,
data_5/nonlens_png/nonlens_3359.png,0,
data_5/nonlens_png/nonlens_3360.png,0,
data_5/nonlens_png/nonlens_3361.png,0,
data_5/nonlens_png/nonlens_3362.png,0,
data_5/nonlens_png/nonlens_3363.png,0,
data_5/nonlens_png/nonlens_3364.png,0,
data_5/nonlens_png/nonlens_3365.png,0,
data_5/nonlens_png/nonlens_3366.png,0,
data_5/nonlens_png/nonlens_3367.png,0,
data_5/nonlens_png/nonlens_3368.png,0,
data_5/nonlens_png/nonlens_3369.png,0,
data_5/nonlens_png/nonlens_3370.png,0,
data_5/nonlens_png/nonlens_3371.png,0,
data_5/nonlens_png/nonlens_3372.png,0,
data_5/nonlens_png/nonlens_3373.png,0,
data_5/nonlens_png/nonlens_3374.png,0,
data_5/nonlens_png/nonlens_3375.png,0,
data_5/nonlens_png/nonlens_3376.png,0,
data_5/nonlens_png/nonlens_3377.png,0,
data_5/nonlens_png/nonlens_3378.png,0,
data_5/nonlens_png/nonlens_3379.png,0,
data_5/nonlens_png/nonlens_3380.png,0,
data_5/nonlens_png/nonlens_3381.png,0,
data_5/nonlens_png/nonlens_3382.png,0,
data_5/nonlens_png/nonlens_3383.png,0,
data_5/nonlens_png/nonlens_3384.png,0,
data_5/nonlens_png/nonlens_3385.png,0,
data_5/nonlens_png/nonlens_3386.png,0,
data_5/nonlens_png/nonlens_3387.png,0,
data_5/nonlens_png/nonlens_3388.png,0,
data_5/nonlens_png/nonlens_3389.png,0,
data_5/nonlens_png/nonlens_3390.png,0,
data_5/nonlens_png/nonlens_3391.png,0,
data_5/nonlens_png/nonlens_3392.png,0,
data_5/nonlens_png/nonlens_3393.png,0,
data_5/nonlens_png/nonlens_3394.png,0,
data_5/nonlens_png/nonlens_3395.png,0,
data_5/nonlens_png/nonlens_3396.png,0,
data_5/nonlens_png/nonlens_3397.png,0,
data_5/nonlens_png/nonlens_3398.png,0,
data_5/nonlens_png/nonlens_3399.png,0,
data_5/nonlens_png/nonlens_3400.png,0,
data_5/nonlens_png/nonlens_3401.png,0,
data_5/nonlens_png/nonlens_3402.png,0,
data_5/nonlens_png/nonlens_3403.png,0,
data_5/nonlens_png/nonlens_3404.png,0,
data_5/nonlens_png/nonlens_3405.png,0,
data_5/nonlens_png/nonlens_3406.png,0,
data_5/nonlens_png/nonlens_3407.png,0,
data_5/nonlens_png/nonlens_3408.png,0,
data_5/nonlens_png/nonlens_3409.png,0,
data_5/nonlens_png/nonlens_3410.png,0,
data_5/nonlens_png/nonlens_3411.png,0,
data_5/nonlens_png/nonlens_3412.png,0,
data_5/nonlens_png/nonlens_3413.png,0,
data_5/nonlens_png/nonlens_3414.png,0,
data_5/nonlens_png/nonlens_3415.png,0,
data_5/nonlens_png/nonlens_3416.png,0,
data_5/nonlens_png/nonlens_3417.png,0,
data_5/nonlens_png/nonlens_3418.png,0,
data_5/nonlens_png/nonlens_3419.png,0,
data_5/nonlens_png/nonlens_3420.png,0,
data_5/nonlens_png/nonlens_3421.png,0,
data_5/nonlens_png/nonlens_3422.png,0,
data_5/nonlens_png/nonlens_3423.png,0,
data_5/nonlens_png/nonlens_3424.png,0,
data_5/nonlens_png/nonlens_3425.png,0,
data_5/nonlens_png/nonlens_3426.png,0,
data_5/nonlens_png/nonlens_3427.png,0,
data_5/nonlens_png/nonlens_3428.png,0,
data_5/nonlens_png/nonlens_3429.png,0,
data_5/nonlens_png/nonlens_3430.png,0,
data_5/nonlens_png/nonlens_3431.png,0,
data_5/nonlens_png/nonlens_3432.png,0,
data_5/nonlens_png/nonlens_3433.png,0,
data_5/nonlens_png/nonlens_3434.png,0,
data_5/nonlens_png/nonlens_3435.png,0,
data_5/nonlens_png/nonlens_3436.png,0,
data_5/nonlens_png/nonlens_3437.png,0,
data_5/nonlens_png/nonlens_3438.png,0,
data_5/nonlens_png/nonlens_3439.png,0,
data_5/nonlens_png/nonlens_3440.png,0,
data_5/nonlens_png/nonlens_3441.png,0,
data_5/nonlens_png/nonlens_3442.png,0,
data_5/nonlens_png/nonlens_3443.png,0,
data_5/nonlens_png/nonlens_3444.png,0,
data_5/nonlens_png/nonlens_3445.png,0,
data_5/nonlens_png/nonlens_3446.png,0,
data_5/nonlens_png/nonlens_3447.png,0,
data_5/nonlens_png/nonlens_3448.png,0,
data_5/nonlens_png/nonlens_3449.png,0,
data_5/nonlens_png/nonlens_3450.png,0,
data_5/nonlens_png/nonlens_3451.png,0,
data_5/nonlens_png/nonlens_3452.png,0,
data_5/nonlens_png/nonlens_3453.png,0,
data_5/nonlens_png/nonlens_3454.png,0,
data_5/nonlens_png/nonlens_3455.png,0,
data_5/nonlens_png/nonlens_3456.png,0,
data_5/nonlens_png/nonlens_3457.png,0,
data_5/nonlens_png/nonlens_3458.png,0,
data_5/nonlens_png/nonlens_3459.png,0,
data_5/nonlens_png/nonlens_3460.png,0,
data_5/nonlens_png/nonlens_3461.png,0,
data_5/nonlens_png/nonlens_3462.png,0,
data_5/nonlens_png/nonlens_3463.png,0,
data_5/nonlens_png/nonlens_3464.png,0,
data_5/nonlens_png/nonlens_3465.png,0,
data_5/nonlens_png/nonlens_3466.png,0,
data_5/nonlens_png/nonlens_3467.png,0,
data_5/nonlens_png/nonlens_3468.png,0,
data_5/nonlens_png/nonlens_3469.png,0,
data_5/nonlens_png/nonlens_3470.png,0,
data_5/nonlens_png/nonlens_3471.png,0,
data_5/nonlens_png/nonlens_3472.png,0,
data_5/nonlens_png/nonlens_3473.png,0,
data_5/nonlens_png/nonlens_3474.png,0,
data_5/nonlens_png/nonlens_3475.png,0,
data_5/nonlens_png/nonlens_3476.png,0,
data_5/nonlens_png/nonlens_3477.png,0,
data_5/nonlens_png/nonlens_3478.png,0,
data_5/nonlens_png/nonlens_3479.png,0,
data_5/nonlens_png/nonlens_3480.png,0,
data_5/nonlens_png/nonlens_3481.png,0,
data_5/nonlens_png/nonlens_3482.png,0,
data_5/nonlens_png/nonlens_3483.png,0,
data_5/nonlens_png/nonlens_3484.png,0,
data_5/nonlens_png/nonlens_3485.png,0,
data_5/nonlens_png/nonlens_3486.png,0,
data_5/nonlens_png/nonlens_3487.png,0,
data_5/nonlens_png/nonlens_3488.png,0,
data_5/nonlens_png/nonlens_3489.png,0,
data_5/nonlens_png/nonlens_3490.png,0,
data_5/nonlens_png/nonlens_3491.png,0,
data_5/nonlens_png/nonlens_3492.png,0,
data_5/nonlens_png/nonlens_3493.png,0,
data_5/nonlens_png/nonlens_3494.png,0,
data_5/nonlens_png/nonlens_3495.png,0,
data_5/nonlens_png/nonlens_3496.png,0,
data_5/nonlens_png/nonlens_3497.png,0,
data_5/nonlens_png/nonlens_3498.png,0,
data_5/nonlens_png/nonlens_3499.png,0,
data_5/nonlens_png/nonlens_3500.png,0,
data_5/nonlens_png/nonlens_3501.png,0,
data_5/nonlens_png/nonlens_3502.png,0,
data_5/nonlens_png/nonlens_3503.png,0,
data_5/nonlens_png/nonlens_3504.png,0,
data_5/nonlens_png/nonlens_3505.png,0,
data_5/nonlens_png/nonlens_3506.png,0,
data_5/nonlens_png/nonlens_3507.png,0,
data_5/nonlens_png/nonlens_3508.png,0,
data_5/nonlens_png/nonlens_3509.png,0,
data_5/nonlens_png/nonlens_3510.png,0,
data_5/nonlens_png/nonlens_3511.png,0,
data_5/nonlens_png/nonlens_3512.png,0,
data_5/nonlens_png/nonlens_3513.png,0,
data_5/nonlens_png/nonlens_3514.png,0,
data_5/nonlens_png/nonlens_3515.png,0,
data_5/nonlens_png/nonlens_3516.png,0,
data_5/nonlens_png/nonlens_3517.png,0,
data_5/nonlens_png/nonlens_3518.png,0,
data_5/nonlens_png/nonlens_3519.png,0,
data_5/nonlens_png/nonlens_3520.png,0,
data_5/nonlens_png/nonlens_3521.png,0,
data_5/nonlens_png/nonlens_3522.png,0,
data_5/nonlens_png/nonlens_3523.png,0,
data_5/nonlens_png/nonlens_3524.png,0,
data_5/nonlens_png/nonlens_3525.png,0,
data_5/nonlens_png/nonlens_3526.png,0,
data_5/nonlens_png/nonlens_3527.png,0,
data_5/nonlens_png/nonlens_3528.png,0,
data_5/nonlens_png/nonlens_3529.png,0,
data_5/nonlens_png/nonlens_3530.png,0,
data_5/nonlens_png/nonlens_3531.png,0,
data_5/nonlens_png/nonlens_3532.png,0,
data_5/nonlens_png/nonlens_3533.png,0,
data_5/nonlens_png/nonlens_3534.png,0,
data_5/nonlens_png/nonlens_3535.png,0,
data_5/nonlens_png/nonlens_3536.png,0,
data_5/nonlens_png/nonlens_3537.png,0,
data_5/nonlens_png/nonlens_3538.png,0,
data_5/nonlens_png/nonlens_3539.png,0,
data_5/nonlens_png/nonlens_3540.png,0,
data_5/nonlens_png/nonlens_3541.png,0,
data_5/nonlens_png/nonlens_3542.png,0,
data_5/nonlens_png/nonlens_3543.png,0,
data_5/nonlens_png/nonlens_3544.png,0,
data_5/nonlens_png/nonlens_3545.png,0,
data_5/nonlens_png/nonlens_3546.png,0,
data_5/nonlens_png/nonlens_3547.png,0,
data_5/nonlens_png/nonlens_3548.png,0,
data_5/nonlens_png/nonlens_3549.png,0,
data_5/nonlens_png/nonlens_3550.png,0,
data_5/nonlens_png/nonlens_3551.png,0,
data_5/nonlens_png/nonlens_3552.png,0,
data_5/nonlens_png/nonlens_3553.png,0,
data_5/nonlens_png/nonlens_3554.png,0,
data_5/nonlens_png/nonlens_3555.png,0,
data_5/nonlens_png/nonlens_3556.png,0,
data_5/nonlens_png/nonlens_3557.png,0,
data_5/nonlens_png/nonlens_3558.png,0,
data_5/nonlens_png/nonlens_3559.png,0,
data_5/nonlens_png/nonlens_3560.png,0,
data_5/nonlens_png/nonlens_3561.png,0,
data_5/nonlens_png/nonlens_3562.png,0,
data_5/nonlens_png/nonlens_3563.png,0,
data_5/nonlens_png/nonlens_3564.png,0,
data_5/nonlens_png/nonlens_3565.png,0,
data_5/nonlens_png/nonlens_3566.png,0,
data_5/nonlens_png/nonlens_3567.png,0,
data_5/nonlens_png/nonlens_3568.png,0,
data_5/nonlens_png/nonlens_3569.png,0,
data_5/nonlens_png/nonlens_3570.png,0,
data_5/nonlens_png/nonlens_3571.png,0,
data_5/nonlens_png/nonlens_3572.png,0,
data_5/nonlens_png/nonlens_3573.png,0,
data_5/nonlens_png/nonlens_3574.png,0,
data_5/nonlens_png/nonlens_3575.png,0,
data_5/nonlens_png/nonlens_3576.png,0,
data_5/nonlens_png/nonlens_3577.png,0,
data_5/nonlens_png/nonlens_3578.png,0,
data_5/nonlens_png/nonlens_3579.png,0,
data_5/nonlens_png/nonlens_3580.png,0,
data_5/nonlens_png/nonlens_3581.png,0,
data_5/nonlens_png/nonlens_3582.png,0,
data_5/nonlens_png/nonlens_3583.png,0,
data_5/nonlens_png/nonlens_3584.png,0,
data_5/nonlens_png/nonlens_3585.png,0,
data_5/nonlens_png/nonlens_3586.png,0,
data_5/nonlens_png/nonlens_3587.png,0,
data_5/nonlens_png/nonlens_3588.png,0,
data_5/nonlens_png/nonlens_3589.png,0,
data_5/nonlens_png/nonlens_3590.png,0,
data_5/nonlens_png/nonlens_3591.png,0,
data_5/nonlens_png/nonlens_3592.png,0,
data_5/nonlens_png/nonlens_3593.png,0,
data_5/nonlens_png/nonlens_3594.png,0,
data_5/nonlens_png/nonlens_3595.png,0,
data_5/nonlens_png/nonlens_3596.png,0,
data_5/nonlens_png/nonlens_3597.png,0,
data_5/nonlens_png/nonlens_3598.png,0,
data_5/nonlens_png/nonlens_3599.png,0,
data_5/nonlens_png/nonlens_3600.png,0,
data_5/nonlens_png/nonlens_3601.png,0,
data_5/nonlens_png/nonlens_3602.png,0,
data_5/nonlens_png/nonlens_3603.png,0,
data_5/nonlens_png/nonlens_3604.png,0,
data_5/nonlens_png/nonlens_3605.png,0,
data_5/nonlens_png/nonlens_3606.png,0,
data_5/nonlens_png/nonlens_3607.png,0,
data_5/nonlens_png/nonlens_3608.png,0,
data_5/nonlens_png/nonlens_3609.png,0,
data_5/nonlens_png/nonlens_3610.png,0,
data_5/nonlens_png/nonlens_3611.png,0,
data_5/nonlens_png/nonlens_3612.png,0,
data_5/nonlens_png/nonlens_3613.png,0,
data_5/nonlens_png/nonlens_3614.png,0,
data_5/nonlens_png/nonlens_3615.png,0,
data_5/nonlens_png/nonlens_3616.png,0,
data_5/nonlens_png/nonlens_3617.png,0,
data_5/nonlens_png/nonlens_3618.png,0,
data_5/nonlens_png/nonlens_3619.png,0,
data_5/nonlens_png/nonlens_3620.png,0,
data_5/nonlens_png/nonlens_3621.png,0,
data_5/nonlens_png/nonlens_3622.png,0,
data_5/nonlens_png/nonlens_3623.png,0,
data_5/nonlens_png/nonlens_3624.png,0,
data_5/nonlens_png/nonlens_3625.png,0,
data_5/nonlens_png/nonlens_3626.png,0,
data_5/nonlens_png/nonlens_3627.png,0,
data_5/nonlens_png/nonlens_3628.png,0,
data_5/nonlens_png/nonlens_3629.png,0,
data_5/nonlens_png/nonlens_3630.png,0,
data_5/nonlens_png/nonlens_3631.png,0,
data_5/nonlens_png/nonlens_3632.png,0,
data_5/nonlens_png/nonlens_3633.png,0,
data_5/nonlens_png/nonlens_3634.png,0,
data_5/nonlens_png/nonlens_3635.png,0,
data_5/nonlens_png/nonlens_3636.png,0,
data_5/nonlens_png/nonlens_3637.png,0,
data_5/nonlens_png/nonlens_3638.png,0,
data_5/nonlens_png/nonlens_3639.png,0,
data_5/nonlens_png/nonlens_3640.png,0,
data_5/nonlens_png/nonlens_3641.png,0,
data_5/nonlens_png/nonlens_3642.png,0,
data_5/nonlens_png/nonlens_3643.png,0,
data_5/nonlens_png/nonlens_3644.png,0,
data_5/nonlens_png/nonlens_3645.png,0,
data_5/nonlens_png/nonlens_3646.png,0,
data_5/nonlens_png/nonlens_3647.png,0,
data_5/nonlens_png/nonlens_3648.png,0,
data_5/nonlens_png/nonlens_3649.png,0,
data_5/nonlens_png/nonlens_3650.png,0,
data_5/nonlens_png/nonlens_3651.png,0,
data_5/nonlens_png/nonlens_3652.png,0,
data_5/nonlens_png/nonlens_3653.png,0,
data_5/nonlens_png/nonlens_3654.png,0,
data_5/nonlens_png/nonlens_3655.png,0,
data_5/nonlens_png/nonlens_3656.png,0,
data_5/nonlens_png/nonlens_3657.png,0,
data_5/nonlens_png/nonlens_3658.png,0,
data_5/nonlens_png/nonlens_3659.png,0,
data_5/nonlens_png/nonlens_3660.png,0,
data_5/nonlens_png/nonlens_3661.png,0,
data_5/nonlens_png/nonlens_3662.png,0,
data_5/nonlens_png/nonlens_3663.png,0,
data_5/nonlens_png/nonlens_3664.png,0,
data_5/nonlens_png/nonlens_3665.png,0,
data_5/nonlens_png/nonlens_3666.png,0,
data_5/nonlens_png/nonlens_3667.png,0,
data_5/nonlens_png/nonlens_3668.png,0,
data_5/nonlens_png/nonlens_3669.png,0,
data_5/nonlens_png/nonlens_3670.png,0,
data_5/nonlens_png/nonlens_3671.png,0,
data_5/nonlens_png/nonlens_3672.png,0,
data_5/nonlens_png/nonlens_3673.png,0,
data_5/nonlens_png/nonlens_3674.png,0,
data_5/nonlens_png/nonlens_3675.png,0,
data_5/nonlens_png/nonlens_3676.png,0,
data_5/nonlens_png/nonlens_3677.png,0,
data_5/nonlens_png/nonlens_3678.png,0,
data_5/nonlens_png/nonlens_3679.png,0,
data_5/nonlens_png/nonlens_3680.png,0,
data_5/nonlens_png/nonlens_3681.png,0,
data_5/nonlens_png/nonlens_3682.png,0,
data_5/nonlens_png/nonlens_3683.png,0,
data_5/nonlens_png/nonlens_3684.png,0,
data_5/nonlens_png/nonlens_3685.png,0,
data_5/nonlens_png/nonlens_3686.png,0,
data_5/nonlens_png/nonlens_3687.png,0,
data_5/nonlens_png/nonlens_3688.png,0,
data_5/nonlens_png/nonlens_3689.png,0,
data_5/nonlens_png/nonlens_3690.png,0,
data_5/nonlens_png/nonlens_3691.png,0,
data_5/nonlens_png/nonlens_3692.png,0,
data_5/nonlens_png/nonlens_3693.png,0,
data_5/nonlens_png/nonlens_3694.png,0,
data_5/nonlens_png/nonlens_3695.png,0,
data_5/nonlens_png/nonlens_3696.png,0,
data_5/nonlens_png/nonlens_3697.png,0,
data_5/nonlens_png/nonlens_3698.png,0,
data_5/nonlens_png/nonlens_3699.png,0,
data_5/nonlens_png/nonlens_3700.png,0,
data_5/nonlens_png/nonlens_3701.png,0,
data_5/nonlens_png/nonlens_3702.png,0,
data_5/nonlens_png/nonlens_3703.png,0,
data_5/nonlens_png/nonlens_3704.png,0,
data_5/nonlens_png/nonlens_3705.png,0,
data_5/nonlens_png/nonlens_3706.png,0,
data_5/nonlens_png/nonlens_3707.png,0,
data_5/nonlens_png/nonlens_3708.png,0,
data_5/nonlens_png/nonlens_3709.png,0,
data_5/nonlens_png/nonlens_3710.png,0,
data_5/nonlens_png/nonlens_3711.png,0,
data_5/nonlens_png/nonlens_3712.png,0,
data_5/nonlens_png/nonlens_3713.png,0,
data_5/nonlens_png/nonlens_3714.png,0,
data_5/nonlens_png/nonlens_3715.png,0,
data_5/nonlens_png/nonlens_3716.png,0,
data_5/nonlens_png/nonlens_3717.png,0,
data_5/nonlens_png/nonlens_3718.png,0,
data_5/nonlens_png/nonlens_3719.png,0,
data_5/nonlens_png/nonlens_3720.png,0,
data_5/nonlens_png/nonlens_3721.png,0,
data_5/nonlens_png/nonlens_3722.png,0,
data_5/nonlens_png/nonlens_3723.png,0,
data_5/nonlens_png/nonlens_3724.png,0,
data_5/nonlens_png/nonlens_3725.png,0,
data_5/nonlens_png/nonlens_3726.png,0,
data_5/nonlens_png/nonlens_3727.png,0,
data_5/nonlens_png/nonlens_3728.png,0,
data_5/nonlens_png/nonlens_3729.png,0,
data_5/nonlens_png/nonlens_3730.png,0,
data_5/nonlens_png/nonlens_3731.png,0,
data_5/nonlens_png/nonlens_3732.png,0,
data_5/nonlens_png/nonlens_3733.png,0,
data_5/nonlens_png/nonlens_3734.png,0,
data_5/nonlens_png/nonlens_3735.png,0,
data_5/nonlens_png/nonlens_3736.png,0,
data_5/nonlens_png/nonlens_3737.png,0,
data_5/nonlens_png/nonlens_3738.png,0,
data_5/nonlens_png/nonlens_3739.png,0,
data_5/nonlens_png/nonlens_3740.png,0,
data_5/nonlens_png/nonlens_3741.png,0,
data_5/nonlens_png/nonlens_3742.png,0,
data_5/nonlens_png/nonlens_3743.png,0,
data_5/nonlens_png/nonlens_3744.png,0,
data_5/nonlens_png/nonlens_3745.png,0,
data_5/nonlens_png/nonlens_3746.png,0,
data_5/nonlens_png/nonlens_3747.png,0,
data_5/nonlens_png/nonlens_3748.png,0,
data_5/nonlens_png/nonlens_3749.png,0,
data_5/nonlens_png/nonlens_3750.png,0,
data_5/nonlens_png/nonlens_3751.png,0,
data_5/nonlens_png/nonlens_3752.png,0,
data_5/nonlens_png/nonlens_3753.png,0,
data_5/nonlens_png/nonlens_3754.png,0,
data_5/nonlens_png/nonlens_3755.png,0,
data_5/nonlens_png/nonlens_3756.png,0,
data_5/nonlens_png/nonlens_3757.png,0,
data_5/nonlens_png/nonlens_3758.png,0,
data_5/nonlens_png/nonlens_3759.png,0,
data_5/nonlens_png/nonlens_3760.png,0,
data_5/nonlens_png/nonlens_3761.png,0,
data_5/nonlens_png/nonlens_3762.png,0,
data_5/nonlens_png/nonlens_3763.png,0,
data_5/nonlens_png/nonlens_3764.png,0,
data_5/nonlens_png/nonlens_3765.png,0,
data_5/nonlens_png/nonlens_3766.png,0,
data_5/nonlens_png/nonlens_3767.png,0,
data_5/nonlens_png/nonlens_3768.png,0,
data_5/nonlens_png/nonlens_3769.png,0,
data_5/nonlens_png/nonlens_3770.png,0,
data_5/nonlens_png/nonlens_3771.png,0,
data_5/nonlens_png/nonlens_3772.png,0,
data_5/nonlens_png/nonlens_3773.png,0,
data_5/nonlens_png/nonlens_3774.png,0,
data_5/nonlens_png/nonlens_3775.png,0,
data_5/nonlens_png/nonlens_3776.png,0,
data_5/nonlens_png/nonlens_3777.png,0,
data_5/nonlens_png/nonlens_3778.png,0,
data_5/nonlens_png/nonlens_3779.png,0,
data_5/nonlens_png/nonlens_3780.png,0,
data_5/nonlens_png/nonlens_3781.png,0,
data_5/nonlens_png/nonlens_3782.png,0,
data_5/nonlens_png/nonlens_3783.png,0,
data_5/nonlens_png/nonlens_3784.png,0,
data_5/nonlens_png/nonlens_3785.png,0,
data_5/nonlens_png/nonlens_3786.png,0,
data_5/nonlens_png/nonlens_3787.png,0,
data_5/nonlens_png/nonlens_3788.png,0,
data_5/nonlens_png/nonlens_3789.png,0,
data_5/nonlens_png/nonlens_3790.png,0,
data_5/nonlens_png/nonlens_3791.png,0,
data_5/nonlens_png/nonlens_3792.png,0,
data_5/nonlens_png/nonlens_3793.png,0,
data_5/nonlens_png/nonlens_3794.png,0,
data_5/nonlens_png/nonlens_3795.png,0,
data_5/nonlens_png/nonlens_3796.png,0,
data_5/nonlens_png/nonlens_3797.png,0,
data_5/nonlens_png/nonlens_3798.png,0,
data_5/nonlens_png/nonlens_3799.png,0,
data_5/nonlens_png/nonlens_3800.png,0,
data_5/nonlens_png/nonlens_3801.png,0,
data_5/nonlens_png/nonlens_3802.png,0,
data_5/nonlens_png/nonlens_3803.png,0,
data_5/nonlens_png/nonlens_3804.png,0,
data_5/nonlens_png/nonlens_3805.png,0,
data_5/nonlens_png/nonlens_3806.png,0,
data_5/nonlens_png/nonlens_3807.png,0,
data_5/nonlens_png/nonlens_3808.png,0,
data_5/nonlens_png/nonlens_3809.png,0,
data_5/nonlens_png/nonlens_3810.png,0,
data_5/nonlens_png/nonlens_3811.png,0,
data_5/nonlens_png/nonlens_3812.png,0,
data_5/nonlens_png/nonlens_3813.png,0,
data_5/nonlens_png/nonlens_3814.png,0,
data_5/nonlens_png/nonlens_3815.png,0,
data_5/nonlens_png/nonlens_3816.png,0,
data_5/nonlens_png/nonlens_3817.png,0,
data_5/nonlens_png/nonlens_3818.png,0,
data_5/nonlens_png/nonlens_3819.png,0,
data_5/nonlens_png/nonlens_3820.png,0,
data_5/nonlens_png/nonlens_3821.png,0,
data_5/nonlens_png/nonlens_3822.png,0,
data_5/nonlens_png/nonlens_3823.png,0,
data_5/nonlens_png/nonlens_3824.png,0,
data_5/nonlens_png/nonlens_3825.png,0,
data_5/nonlens_png/nonlens_3826.png,0,
data_5/nonlens_png/nonlens_3827.png,0,
data_5/nonlens_png/nonlens_3828.png,0,
data_5/nonlens_png/nonlens_3829.png,0,
data_5/nonlens_png/nonlens_3830.png,0,
data_5/nonlens_png/nonlens_3831.png,0,
data_5/nonlens_png/nonlens_3832.png,0,
data_5/nonlens_png/nonlens_3833.png,0,
data_5/nonlens_png/nonlens_3834.png,0,
data_5/nonlens_png/nonlens_3835.png,0,
data_5/nonlens_png/nonlens_3836.png,0,
data_5/nonlens_png/nonlens_3837.png,0,
data_5/nonlens_png/nonlens_3838.png,0,
data_5/nonlens_png/nonlens_3839.png,0,
data_5/nonlens_png/nonlens_3840.png,0,
data_5/nonlens_png/nonlens_3841.png,0,
data_5/nonlens_png/nonlens_3842.png,0,
data_5/nonlens_png/nonlens_3843.png,0,
data_5/nonlens_png/nonlens_3844.png,0,
data_5/nonlens_png/nonlens_3845.png,0,
data_5/nonlens_png/nonlens_3846.png,0,
data_5/nonlens_png/nonlens_3847.png,0,
data_5/nonlens_png/nonlens_3848.png,0,
data_5/nonlens_png/nonlens_3849.png,0,
data_5/nonlens_png/nonlens_3850.png,0,
data_5/nonlens_png/nonlens_3851.png,0,
data_5/nonlens_png/nonlens_3852.png,0,
data_5/nonlens_png/nonlens_3853.png,0,
data_5/nonlens_png/nonlens_3854.png,0,
data_5/nonlens_png/nonlens_3855.png,0,
data_5/nonlens_png/nonlens_3856.png,0,
data_5/nonlens_png/nonlens_3857.png,0,
data_5/nonlens_png/nonlens_3858.png,0,
data_5/nonlens_png/nonlens_3859.png,0,
data_5/nonlens_png/nonlens_3860.png,0,
data_5/nonlens_png/nonlens_3861.png,0,
data_5/nonlens_png/nonlens_3862.png,0,
data_5/nonlens_png/nonlens_3863.png,0,
data_5/nonlens_png/nonlens_3864.png,0,
data_5/nonlens_png/nonlens_3865.png,0,
data_5/nonlens_png/nonlens_3866.png,0,
data_5/nonlens_png/nonlens_3867.png,0,
data_5/nonlens_png/nonlens_3868.png,0,
data_5/nonlens_png/nonlens_3869.png,0,
data_5/nonlens_png/nonlens_3870.png,0,
data_5/nonlens_png/nonlens_3871.png,0,
data_5/nonlens_png/nonlens_3872.png,0,
data_5/nonlens_png/nonlens_3873.png,0,
data_5/nonlens_png/nonlens_3874.png,0,
data_5/nonlens_png/nonlens_3875.png,0,
data_5/nonlens_png/nonlens_3876.png,0,
data_5/nonlens_png/nonlens_3877.png,0,
data_5/nonlens_png/nonlens_3878.png,0,
data_5/nonlens_png/nonlens_3879.png,0,
data_5/nonlens_png/nonlens_3880.png,0,
data_5/nonlens_png/nonlens_3881.png,0,
data_5/nonlens_png/nonlens_3882.png,0,
data_5/nonlens_png/nonlens_3883.png,0,
data_5/nonlens_png/nonlens_3884.png,0,
data_5/nonlens_png/nonlens_3885.png,0,
data_5/nonlens_png/nonlens_3886.png,0,
data_5/nonlens_png/nonlens_3887.png,0,
data_5/nonlens_png/nonlens_3888.png,0,
data_5/nonlens_png/nonlens_3889.png,0,
data_5/nonlens_png/nonlens_3890.png,0,
data_5/nonlens_png/nonlens_3891.png,0,
data_5/nonlens_png/nonlens_3892.png,0,
data_5/nonlens_png/nonlens_3893.png,0,
data_5/nonlens_png/nonlens_3894.png,0,
data_5/nonlens_png/nonlens_3895.png,0,
data_5/nonlens_png/nonlens_3896.png,0,
data_5/nonlens_png/nonlens_3897.png,0,
data_5/nonlens_png/nonlens_3898.png,0,
data_5/nonlens_png/nonlens_3899.png,0,
data_5/nonlens_png/nonlens_3900.png,0,
data_5/nonlens_png/nonlens_3901.png,0,
data_5/nonlens_png/nonlens_3902.png,0,
data_5/nonlens_png/nonlens_3903.png,0,
data_5/nonlens_png/nonlens_3904.png,0,
data_5/nonlens_png/nonlens_3905.png,0,
data_5/nonlens_png/nonlens_3906.png,0,
data_5/nonlens_png/nonlens_3907.png,0,
data_5/nonlens_png/nonlens_3908.png,0,
data_5/nonlens_png/nonlens_3909.png,0,
data_5/nonlens_png/nonlens_3910.png,0,
data_5/nonlens_png/nonlens_3911.png,0,
data_5/nonlens_png/nonlens_3912.png,0,
data_5/nonlens_png/nonlens_3913.png,0,
data_5/nonlens_png/nonlens_3914.png,0,
data_5/nonlens_png/nonlens_3915.png,0,
data_5/nonlens_png/nonlens_3916.png,0,
data_5/nonlens_png/nonlens_3917.png,0,
data_5/nonlens_png/nonlens_3918.png,0,
data_5/nonlens_png/nonlens_3919.png,0,
data_5/nonlens_png/nonlens_3920.png,0,
data_5/nonlens_png/nonlens_3921.png,0,
data_5/nonlens_png/nonlens_3922.png,0,
data_5/nonlens_png/nonlens_3923.png,0,
data_5/nonlens_png/nonlens_3924.png,0,
data_5/nonlens_png/nonlens_3925.png,0,
data_5/nonlens_png/nonlens_3926.png,0,
data_5/nonlens_png/nonlens_3927.png,0,
data_5/nonlens_png/nonlens_3928.png,0,
data_5/nonlens_png/nonlens_3929.png,0,
data_5/nonlens_png/nonlens_3930.png,0,
data_5/nonlens_png/nonlens_3931.png,0,
data_5/nonlens_png/nonlens_3932.png,0,
data_5/nonlens_png/nonlens_3933.png,0,
data_5/nonlens_png/nonlens_3934.png,0,
data_5/nonlens_png/nonlens_3935.png,0,
data_5/nonlens_png/nonlens_3936.png,0,
data_5/nonlens_png/nonlens_3937.png,0,
data_5/nonlens_png/nonlens_3938.png,0,
data_5/nonlens_png/nonlens_3939.png,0,
data_5/nonlens_png/nonlens_3940.png,0,
data_5/nonlens_png/nonlens_3941.png,0,
data_5/nonlens_png/nonlens_3942.png,0,
data_5/nonlens_png/nonlens_3943.png,0,
data_5/nonlens_png/nonlens_3944.png,0,
data_5/nonlens_png/nonlens_3945.png,0,
data_5/nonlens_png/nonlens_3946.png,0,
data_5/nonlens_png/nonlens_3947.png,0,
data_5/nonlens_png/nonlens_3948.png,0,
data_5/nonlens_png/nonlens_3949.png,0,
data_5/nonlens_png/nonlens_3950.png,0,
data_5/nonlens_png/nonlens_3951.png,0,
data_5/nonlens_png/nonlens_3952.png,0,
data_5/nonlens_png/nonlens_3953.png,0,
data_5/nonlens_png/nonlens_3954.png,0,
data_5/nonlens_png/nonlens_3955.png,0,
data_5/nonlens_png/nonlens_3956.png,0,
data_5/nonlens_png/nonlens_3957.png,0,
data_5/nonlens_png/nonlens_3958.png,0,
data_5/nonlens_png/nonlens_3959.png,0,
data_5/nonlens_png/nonlens_3960.png,0,
data_5/nonlens_png/nonlens_3961.png,0,
data_5/nonlens_png/nonlens_3962.png,0,
data_5/nonlens_png/nonlens_3963.png,0,
data_5/nonlens_png/nonlens_3964.png,0,
data_5/nonlens_png/nonlens_3965.png,0,
data_5/nonlens_png/nonlens_3966.png,0,
data_5/nonlens_png/nonlens_3967.png,0,
data_5/nonlens_png/nonlens_3968.png,0,
data_5/nonlens_png/nonlens_3969.png,0,
data_5/nonlens_png/nonlens_3970.png,0,
data_5/nonlens_png/nonlens_3971.png,0,
data_5/nonlens_png/nonlens_3972.png,0,
data_5/nonlens_png/nonlens_3973.png,0,
data_5/nonlens_png/nonlens_3974.png,0,
data_5/nonlens_png/nonlens_3975.png,0,
data_5/nonlens_png/nonlens_3976.png,0,
data_5/nonlens_png/nonlens_3977.png,0,
data_5/nonlens_png/nonlens_3978.png,0,
data_5/nonlens_png/nonlens_3979.png,0,
data_5/nonlens_png/nonlens_3980.png,0,
data_5/nonlens_png/nonlens_3981.png,0,
data_5/nonlens_png/nonlens_3982.png,0,
data_5/nonlens_png/nonlens_3983.png,0,
data_5/nonlens_png/nonlens_3984.png,0,
data_5/nonlens_png/nonlens_3985.png,0,
data_5/nonlens_png/nonlens_3986.png,0,
data_5/nonlens_png/nonlens_3987.png,0,
data_5/nonlens_png/nonlens_3988.png,0,
data_5/nonlens_png/nonlens_3989.png,0,
data_5/nonlens_png/nonlens_3990.png,0,
data_5/nonlens_png/nonlens_3991.png,0,
data_5/nonlens_png/nonlens_3992.png,0,
data_5/nonlens_png/nonlens_3993.png,0,
data_5/nonlens_png/nonlens_3994.png,0,
data_5/nonlens_png/nonlens_3995.png,0,
data_5/nonlens_png/nonlens_3996.png,0,
data_5/nonlens_png/nonlens_3997.png,0,
data_5/nonlens_png/nonlens_3998.png,0,
data_5/nonlens_png/nonlens_3999.png,0,
