model,seed,id,grade,rank,score
vit_lr0.0001,1,102020061_NEG612388468493726389,A,3,1.0
vit_lr0.0001,1,102018668_NEG595646727509469177,A,32,0.9967
vit_lr0.0001,1,102159778_2735946368671378903,A,46,0.9919
vit_lr0.0001,1,102021504_NEG666846889481107505,A,53,0.9817
vit_lr1e-05,1,102020061_NEG612388468493726389,A,13,0.9991
vit_lr1e-05,1,102018668_NEG595646727509469177,A,43,0.9945
vit_lr1e-05,1,102021504_NEG666846889481107505,A,50,0.9926
vit_lr1e-05,1,102159778_2735946368671378903,A,51,0.9924
vit_lr3e-05,1,102020061_NEG612388468493726389,A,3,0.9998
vit_lr3e-05,1,102021504_NEG666846889481107505,A,28,0.999
vit_lr3e-05,1,102018668_NEG595646727509469177,A,57,0.9954
vit_lr3e-05,1,102159778_2735946368671378903,A,65,0.9844
vit_lr3e-05,2,102020061_NEG612388468493726389,A,23,0.9933
vit_lr3e-05,2,102018668_NEG595646727509469177,A,31,0.9875
vit_lr3e-05,2,102159778_2735946368671378903,A,63,0.9019
vit_lr3e-05,2,102021504_NEG666846889481107505,A,69,0.8436
vit_lr3e-05,3,102020061_NEG612388468493726389,A,2,0.9971
vit_lr3e-05,3,102021504_NEG666846889481107505,A,28,0.9783
vit_lr3e-05,3,102018668_NEG595646727509469177,A,30,0.9761
vit_lr3e-05,3,102159778_2735946368671378903,A,60,0.849
zoobot_lr0.0001,1,102020061_NEG612388468493726389,A,3,1.0
zoobot_lr0.0001,1,102021504_NEG666846889481107505,A,7,1.0
zoobot_lr0.0001,1,102018668_NEG595646727509469177,A,13,1.0
zoobot_lr0.0001,1,102159778_2735946368671378903,A,63,0.9987
zoobot_lr0.0001,2,102020061_NEG612388468493726389,A,1,1.0
zoobot_lr0.0001,2,102159778_2735946368671378903,A,17,0.9998
zoobot_lr0.0001,2,102021504_NEG666846889481107505,A,43,0.999
zoobot_lr0.0001,2,102018668_NEG595646727509469177,A,47,0.9989
zoobot_lr0.0001,3,102020061_NEG612388468493726389,A,2,0.9996
zoobot_lr0.0001,3,102159778_2735946368671378903,A,26,0.9973
zoobot_lr0.0001,3,102021504_NEG666846889481107505,A,27,0.9973
zoobot_lr0.0001,3,102018668_NEG595646727509469177,A,41,0.9955
zoobot_lr1e-05,1,102159778_2735946368671378903,A,3,0.9999
zoobot_lr1e-05,1,102018668_NEG595646727509469177,A,9,0.9998
zoobot_lr1e-05,1,102021504_NEG666846889481107505,A,12,0.9998
zoobot_lr1e-05,1,102020061_NEG612388468493726389,A,32,0.9994
zoobot_lr3e-05,1,102018668_NEG595646727509469177,A,13,0.9998
zoobot_lr3e-05,1,102020061_NEG612388468493726389,A,15,0.9998
zoobot_lr3e-05,1,102159778_2735946368671378903,A,17,0.9998
zoobot_lr3e-05,1,102021504_NEG666846889481107505,A,29,0.9995
