run,model,seed,test_auc,inspection_cost,mean_compound_rank,normal_lenses_in_top79,n_normal_lenses,n_test
vit_lr0.0001_seed1,vit_lr0.0001,1,0.960928270042194,53,33.5,59,75,379
vit_lr1e-05_seed1,vit_lr1e-05,1,0.9757383966244726,51,39.25,64,75,379
vit_lr3e-05_seed1,vit_lr3e-05,1,0.9778481012658228,65,38.25,62,75,379
vit_lr3e-05_seed2,vit_lr3e-05,2,0.9713502109704641,69,46.5,65,75,379
vit_lr3e-05_seed3,vit_lr3e-05,3,0.9738818565400843,60,30.0,68,75,379
zoobot_lr0.0001_seed1,zoobot_lr0.0001,1,0.9930379746835443,63,21.5,70,75,379
zoobot_lr0.0001_seed2,zoobot_lr0.0001,2,0.9917299578059072,47,27.0,69,75,379
zoobot_lr0.0001_seed3,zoobot_lr0.0001,3,0.9851476793248946,41,24.0,66,75,379
zoobot_lr1e-05_seed1,zoobot_lr1e-05,1,0.9813502109704642,32,14.0,65,75,379
zoobot_lr3e-05_seed1,zoobot_lr3e-05,1,0.9850632911392405,29,18.5,67,75,379
